ss,,,G,ߑOVC,ߌVC,C,,~
,1,1,~,,,7.8,2.6,0
,1,2,~,,J,11.7,2.3,9.5
,1,3,~,,,15.3,2,0.5
,1,4,~,,,14,3.2,0
,1,5,~,,,13.8,3.6,2
,1,6,~,J,J,11.4,3.6,14.5
,1,7,~,,,10,3.6,0
,1,8,~,J,J,8.9,2.7,0.5
,1,9,~,,,8.2,3.1,0
,1,10,~,,,8.9,3,0
,1,11,~,J,J,8.9,2.5,6
,1,12,~,,,8.5,3.2,2
,1,13,~,,,7.2,2.8,1
,1,14,~,,,7.4,2.7,0.5
,1,15,~,,,7.2,2.6,0
,1,16,~,,,8.8,3,0
,1,17,~,,J,11.6,3.6,14
,1,18,~,J,,10.5,6.5,2
,1,19,~,݂,,5.9,7.2,3
,1,20,~,,,5,4.7,0
,1,21,~,,J,5.1,3,0
,1,22,~,,,7.7,3.2,0
,1,23,~,,,7.3,4.4,0
,1,24,~,,,-0.4,4.9,16
,1,25,~,,,0.7,2.5,0
,1,26,~,,J,5.1,2.2,0.5
,1,27,~,,,8.5,2.2,0
,1,28,~,,,12.2,2.1,1
,1,29,~,J,J,15.6,2.3,85.5
,1,30,~,,,14.2,3.1,0.5
,1,31,~,,,11.3,3.4,0
,2,1,~,J,J,8.5,2.9,0
,2,2,~,,,7.4,4.1,0
,2,3,~,,,7,3.8,0
,2,4,~,,,7.7,3.8,0
,2,5,~,,,8.9,3,0
,2,6,~,,,7,4.3,0
,2,7,~,,,6.9,3.3,0
,2,8,~,,,7.2,3.4,0
,2,9,~,,,10.8,4.3,0
,2,10,~,,,9.9,3.2,0
,2,11,~,,,12,3.1,0
,2,12,~,J,J,16.7,4.4,1
,2,13,~,J,J,19,4.9,20
,2,14,~,J,,12.8,5.1,0.5
,2,15,~,J,J,5.9,6,0
,2,16,~,J,,4.6,2.1,3.5
,2,17,~,,,7.8,3.3,1.5
,2,18,~,,,8.3,2.4,0
,2,19,~,,,11.6,3,0.5
,2,20,~,J,,12.7,4.9,55.5
,2,21,~,,,9.4,4.5,0
,2,22,~,,J,9.4,2.8,10.5
,2,23,~,J,J,11.2,4.9,22
,2,24,~,,,8.7,4.4,0
,2,25,~,,,7.2,3.6,0
,2,26,~,,,7.8,3.3,0
,2,27,~,,,10.2,2.4,0
,2,28,~,,,12.2,2.4,0
,2,29,~,,J,9.1,5.9,0
,3,1,t,,,5.4,4.6,0
,3,2,t,,,7.8,2.8,0
,3,3,t,,,10.8,2.7,0
,3,4,t,,,14.9,2.8,0
,3,5,t,,,17.4,3.5,0
,3,6,t,J,,18.8,2.2,0
,3,7,t,,,19,2.7,0
,3,8,t,,,17.1,2.5,0
,3,9,t,J,,15.9,4.5,66.5
,3,10,t,,,11.7,3.9,0
,3,11,t,,,9.5,4.2,0
,3,12,t,,,9,3.8,0
,3,13,t,,,10.3,3,4
,3,14,t,J,,11.5,5.6,22
,3,15,t,,,10.6,3.2,0
,3,16,t,,,12.5,2.8,1.5
,3,17,t,,,15.6,3.4,0
,3,18,t,J,J,16.7,3,87.5
,3,19,t,,,17.6,3.4,0.5
,3,20,t,,,15.4,3.7,0
,3,21,t,,,13.8,3,0
,3,22,t,,,14.5,2.8,0
,3,23,t,J,J,13.5,2.8,4.5
,3,24,t,,,14,4.5,0
,3,25,t,,,11,3.3,0
,3,26,t,,,12.3,3.5,0
,3,27,t,,,11.6,3.9,0
,3,28,t,,,12.1,3.5,0
,3,29,t,,,13.7,2.6,0
,3,30,t,,J,14.5,2,3
,3,31,t,J,J,14.5,2.7,32.5
,4,1,t,,,17.6,4,0.5
,4,2,t,,,18.9,2.8,0
,4,3,t,,,19.7,2.7,5
,4,4,t,J,,18.8,3.5,20.5
,4,5,t,,,17.1,3.2,0
,4,6,t,,,17.3,2,1
,4,7,t,J,J,21.4,4.9,14
,4,8,t,J,J,17.5,2.2,2.5
,4,9,t,,,17.9,1.7,0
,4,10,t,J,J,17.1,2.2,7.5
,4,11,t,,,18.1,2.6,0
,4,12,t,,,17.6,3.6,0
,4,13,t,,,18.2,2.1,1.5
,4,14,t,,,21.4,4.2,0
,4,15,t,,,19.8,3,0
,4,16,t,,,19.1,4.8,11
,4,17,t,,,18.9,5.8,45
,4,18,t,J,J,14.4,2.9,0
,4,19,t,,,16.6,3.8,0
,4,20,t,,,18.4,4,0
,4,21,t,,J,20.9,5,74.5
,4,22,t,,,20.1,3.2,0
,4,23,t,,J,15.5,2.8,14
,4,24,t,J,J,15.4,2.9,48
,4,25,t,,J,17.7,2.6,26
,4,26,t,,,20.7,2.5,5
,4,27,t,J,J,19.6,2.1,25.5
,4,28,t,J,,18.7,4.8,1
,4,29,t,,,18.2,4.2,0
,4,30,t,,,18.4,2.9,0
,5,1,t,,,19.8,2.5,0
,5,2,t,,,21,3.8,0
,5,3,t,,J,20.2,6.1,35.5
,5,4,t,,,19.4,3.8,0
,5,5,t,,,20.7,2.3,0
,5,6,t,J,,19.2,2.7,33.5
,5,7,t,,,21.7,3.1,1
,5,8,t,J,J,18.5,2,29
,5,9,t,,J,20.9,1.4,67.5
,5,10,t,J,J,22.1,3.4,88.5
,5,11,t,,,20.1,4.6,0
,5,12,t,,,20.6,2.7,0
,5,13,t,,,21.4,2.8,0
,5,14,t,,,21.9,2.5,0
,5,15,t,,,23.8,2,0
,5,16,t,J,,19.8,4.9,28.5
,5,17,t,,,19,2.9,0
,5,18,t,,,21.1,2.7,0
,5,19,t,,,23.3,4.5,0
,5,20,t,,,23.8,4.9,0
,5,21,t,,,23.7,3.3,0
,5,22,t,,,23.8,3,0
,5,23,t,,,24.1,4.3,0
,5,24,t,,,23.4,2.6,3
,5,25,t,J,J,24.1,1.4,8
,5,26,t,,,24.8,2.5,0
,5,27,t,,,23.1,2.7,5
,5,28,t,J,J,20.6,1.5,16
,5,29,t,J,J,22.1,1.4,27
,5,30,t,,,23.7,4,0
,5,31,t,,,23.6,2.6,0
,6,1,,J,,21.1,2.2,1.5
,6,2,,,,22,2.7,0
,6,3,,,,22.6,3.2,0
,6,4,,J,,21.3,2.4,10.5
,6,5,,J,J,21.7,2,2
,6,6,,,,23.2,1.6,1
,6,7,,,,24.6,2.2,0
,6,8,,,,24.5,2.1,0
,6,9,,,,25.7,2.4,0
,6,10,,,,26.4,2,0
,6,11,,,,26.3,2.4,0
,6,12,,J,,24.3,1.7,37.5
,6,13,,J,,23.8,1.6,56
,6,14,,,,25.8,2.2,0
,6,15,,,,25.9,2.3,2
,6,16,,J,J,24.1,2.6,91
,6,17,,J,,23.7,2.2,0.5
,6,18,,,,25.2,2.2,0
,6,19,,,,25.6,2.8,172.5
,6,20,,,,27.2,4,17
,6,21,,J,J,27,4.3,40
,6,22,,,,28.8,3.6,1.5
,6,23,,,,27.8,4,1.5
,6,24,,,,29.1,4.5,1
,6,25,,,,23,3.4,2.5
,6,26,,,,23.6,3.2,0
,6,27,,J,J,20.9,1.8,101.5
,6,28,,J,J,26.3,3.2,60
,6,29,,J,J,24.7,2.5,104.5
,6,30,,J,,24.1,1.6,70
,7,1,,,,26.4,2.4,0.5
,7,2,,,,28.3,3.7,3.5
,7,3,,,,29.8,3.4,3
,7,4,,,,29.2,2.7,0
,7,5,,,,29.4,2.7,0
,7,6,,,,29.4,2.5,0
,7,7,,,,27.7,2.9,4
,7,8,,J,J,25.1,3.2,162.5
,7,9,,,J,26.1,2,85
,7,10,,,J,26.3,2.8,69.5
,7,11,,,J,27.4,2.3,42
,7,12,,,,29.4,4.3,18
,7,13,,,,29.1,5.1,16.5
,7,14,,J,,28,5.3,36
,7,15,,,,27.8,2.8,0
,7,16,,J,,28.6,2.7,14
,7,17,,,,28.8,3.3,15.5
,7,18,,,,28.9,2.4,0
,7,19,,,,29.5,2.4,0
,7,20,,,,27.9,2.3,23.5
,7,21,,,,28.8,3.2,0
,7,22,,,,29.5,3.2,0
,7,23,,,,29.4,2.9,0
,7,24,,,,28.6,2.6,0
,7,25,,,,29.1,3.1,0
,7,26,,,,28.8,3,0
,7,27,,,,29.1,2.6,0
,7,28,,,,29.8,2.6,0
,7,29,,,,29.8,3.1,0
,7,30,,,,29.7,3.3,0
,7,31,,,,29.8,3.2,0
,8,1,,,,30.1,2.5,0
,8,2,,,,30,2.6,0
,8,3,,,,28.8,2.4,4
,8,4,,,,29,2.5,0
,8,5,,,,29.5,2.8,0
,8,6,,,,29.7,3.1,0
,8,7,,,,29.7,3.4,0.5
,8,8,,,,29.5,2.7,0
,8,9,,,,29.9,2.2,0
,8,10,,,,31,2.2,0
,8,11,,,,30.8,2.3,0
,8,12,,,,30.9,2.3,0.5
,8,13,,,,30.7,2.5,0
,8,14,,,J,30.4,1.9,1.5
,8,15,,,,31,3,0
,8,16,,,,31,3.4,0
,8,17,,,,30.7,2.9,0
,8,18,,,,30.5,2.4,1
,8,19,,,,30.7,2.5,0
,8,20,,,,30.5,2.4,1.5
,8,21,,,,31.4,2.8,0
,8,22,,,,31.4,2.9,0
,8,23,,,,30.6,2.5,43
,8,24,,,,29.9,3,1
,8,25,,,,30.4,3.4,0
,8,26,,,,30.4,3.2,0
,8,27,,,,29.6,2.8,17.5
,8,28,,,,27.7,2.9,2
,8,29,,,,25.3,5.6,0
,8,30,,,,24.7,4.3,5
,8,31,,,,27.3,4.7,0
,9,1,H,,,26.5,2.2,0
,9,2,H,,,27.2,3.1,3
,9,3,H,J,J,26.2,4.5,78.5
,9,4,H,,,26.8,5,13
,9,5,H,,,28.2,2.3,0
,9,6,H,,,28.5,2.5,0
,9,7,H,,,28.9,3.3,0.5
,9,8,H,,,27.9,4.1,0
,9,9,H,,,26.8,2.7,0
,9,10,H,,,26.9,2.4,0
,9,11,H,,,27.4,3.4,2
,9,12,H,J,,26.6,4,36.5
,9,13,H,,,27.6,1.6,0.5
,9,14,H,,,26.6,1.1,17
,9,15,H,,,27.9,2.1,1.5
,9,16,H,,,27.8,2.3,0
,9,17,H,,,27.7,2.8,41.5
,9,18,H,,J,27.8,2.2,16.5
,9,19,H,,J,27.3,4.2,27
,9,20,H,,,24.7,7.6,102
,9,21,H,,,24.8,2.6,0
,9,22,H,,,25.3,2.3,0
,9,23,H,,,25.8,2.4,0
,9,24,H,,,26.8,2.6,0
,9,25,H,,,27.8,2.6,0.5
,9,26,H,,,28.2,3.5,0
,9,27,H,,,28.7,3.1,0.5
,9,28,H,,,28.6,2.5,0
,9,29,H,,,28.6,2.3,0
,9,30,H,,,28.4,2.2,0
,10,1,H,,,28.4,2,0
,10,2,H,,,28.6,3.1,0
,10,3,H,,J,26.2,2.3,17.5
,10,4,H,,,27.8,4.3,11
,10,5,H,J,,27.8,5.2,27
,10,6,H,,,26.8,2.4,0
,10,7,H,,,26.8,3.3,0
,10,8,H,,,27.2,3,2
,10,9,H,J,,23.2,3.1,27
,10,10,H,,,23.2,2.9,0
,10,11,H,,,22.6,2.4,0
,10,12,H,,,23.7,3.1,0
,10,13,H,,,22.8,3.4,0
,10,14,H,,,21.5,4.3,0
,10,15,H,J,,21.1,4,12
,10,16,H,,,24,3.1,0
,10,17,H,,,25.1,2.2,2
,10,18,H,,,25.1,2.3,0
,10,19,H,,,24.3,2.1,0
,10,20,H,,J,23.4,1.9,0
,10,21,H,J,J,21.6,3,2
,10,22,H,J,J,21,2.6,102.5
,10,23,H,J,J,21,3.4,24.5
,10,24,H,,,21.7,2.9,0
,10,25,H,,,22.5,1.9,0
,10,26,H,,,23.6,2.5,0
,10,27,H,J,,22,2.2,3.5
,10,28,H,,,23.6,3.4,7.5
,10,29,H,,,21.6,4.1,0
,10,30,H,,,19.6,3.3,0
,10,31,H,,,19.8,2.6,10
,11,1,H,,,16.8,4.6,0
,11,2,H,,,15.8,3.6,0
,11,3,H,,,14.8,4.2,0
,11,4,H,,,14.6,2.7,0
,11,5,H,,,16.6,3.3,0
,11,6,H,,,18.5,2.6,0
,11,7,H,,,17.7,2.9,0
,11,8,H,,,18.7,3.2,0
,11,9,H,,,17.4,4,0
,11,10,H,,J,15.5,3.7,16.5
,11,11,H,,,16.3,3.8,0
,11,12,H,,,16.6,2.6,0
,11,13,H,,,19.4,2.5,0
,11,14,H,J,J,20.7,2.5,35
,11,15,H,,,20.6,3.1,0
,11,16,H,,,17.3,2.8,0
,11,17,H,,,18.5,2.3,0.5
,11,18,H,,J,18.8,2.9,11.5
,11,19,H,,,21.4,2.6,0
,11,20,H,,,19.7,2.2,0
,11,21,H,,,19.8,2.6,24
,11,22,H,,,19.4,3.2,0
,11,23,H,,,15.7,3,0
,11,24,H,,,11.4,4,4.5
,11,25,H,,,10.2,3.8,0
,11,26,H,,,14.4,2.7,0.5
,11,27,H,J,J,16.6,2.7,29.5
,11,28,H,,,12.3,3.7,0
,11,29,H,,,11.5,3,0
,11,30,H,,,15.4,2.2,2
,12,1,~,,,15.5,3.2,0.5
,12,2,~,,,12.9,2.8,0
,12,3,~,,,14,2.7,0
,12,4,~,,J,16.7,2.1,4
,12,5,~,,,15.3,2.6,0
,12,6,~,,,13.4,4.3,0
,12,7,~,,,10.7,3.7,0
,12,8,~,,,11.7,2.6,0
,12,9,~,,,13.3,3.7,0
,12,10,~,,,11.4,3.5,0
,12,11,~,,,11.3,3.3,0
,12,12,~,,,14.1,2.4,0
,12,13,~,,J,15.8,3.2,46.5
,12,14,~,,,12.4,4.2,0
,12,15,~,,J,9.7,4.6,0
,12,16,~,,,6.9,4.5,0
,12,17,~,,,8.2,3.4,0
,12,18,~,,,10.3,3,0
,12,19,~,,,14.1,2.9,0
,12,20,~,,,16.4,2,0
,12,21,~,,,18.9,3.3,0
,12,22,~,J,J,17.6,4.9,32.5
,12,23,~,J,J,12.3,5.3,0
,12,24,~,,,10.1,2.7,0
,12,25,~,,,13.4,2.7,0
,12,26,~,,,17.4,2.2,1
,12,27,~,J,J,12.8,5.5,2
,12,28,~,,,9.1,2.8,0
,12,29,~,,,8.8,4.2,0
,12,30,~,,,7.3,2.8,0
,12,31,~,,,8.7,3.5,0
,1,1,~,,,7.1,2.2,0
,1,2,~,,,9.5,2.1,0
,1,3,~,,,10.4,1.1,0
,1,4,~,,,11.7,2.8,0
,1,5,~,,,9.4,1.9,0
,1,6,~,,,9.4,2.1,0
,1,7,~,,,9.2,3.3,0
,1,8,~,,,7.3,3,0.5
,1,9,~,,,7.4,3,0
,1,10,~,,,7.7,3,0
,1,11,~,,,8.1,2.5,0
,1,12,~,,,7.6,2,0
,1,13,~,,,5.9,3,0.5
,1,14,~,,J,5.4,3.1,0
,1,15,~,,,4.6,2.5,0
,1,16,~,,,4.7,1.8,0
,1,17,~,,,5.9,2.4,0.5
,1,18,~,J,J,7.9,6.5,2
,1,19,~,,,2.9,7.4,0
,1,20,~,,,4.5,5.9,0
,1,21,~,,,4.8,1.6,0
,1,22,~,,,5.9,2.5,0
,1,23,~,,J,4,2.8,0
,1,24,~,,,-1.2,4.8,0
,1,25,~,,,2.1,4.7,0
,1,26,~,,,4.1,2.5,1
,1,27,~,,,7.8,3.6,0
,1,28,~,,J,6.5,1.2,2
,1,29,~,J,J,8.5,1.7,31
,1,30,~,,,8.1,1.6,9.5
,1,31,~,,,7.1,1.9,0
,2,1,~,,,7.6,3.2,0
,2,2,~,J,,6.6,2.6,0
,2,3,~,J,,5.3,1.3,0
,2,4,~,,,6.8,2.8,0
,2,5,~,,,6.8,2.2,0
,2,6,~,,,6,3.5,0
,2,7,~,,,4.2,2.2,0
,2,8,~,,,4.7,2.3,0
,2,9,~,,,8,5,0
,2,10,~,,,5.8,2.2,0
,2,11,~,,,5.8,1.5,0
,2,12,~,,,8.4,1.3,0
,2,13,~,,J,12.7,1.1,17.5
,2,14,~,,,13.5,4.8,8.5
,2,15,~,,J,5.7,5.8,0.5
,2,16,~,,,4.4,4.5,0
,2,17,~,,,6.4,4.3,0
,2,18,~,,,4.5,1.7,0
,2,19,~,,,8.6,1.9,0
,2,20,~,J,J,8.6,2.9,15.5
,2,21,~,,,7.6,4.2,0
,2,22,~,,,5.5,1.8,0
,2,23,~,,J,7.7,2.7,0
,2,24,~,,J,5.8,2.6,0
,2,25,~,,,5,3,0
,2,26,~,,,5.2,3.1,0
,2,27,~,,,7,1.7,0
,2,28,~,,,8.8,1.5,0
,2,29,~,J,J,6.3,4.3,3
,3,1,t,,,3.5,3.3,0
,3,2,t,,,7,3.2,0
,3,3,t,,,9.7,2,0
,3,4,t,,,9.4,1.2,0
,3,5,t,,,11.9,1.4,0
,3,6,t,,,14.1,1.2,0
,3,7,t,,,16,1.4,0
,3,8,t,,,15.2,2.4,0
,3,9,t,J,J,8.7,2.6,42.5
,3,10,t,,,7.9,2.3,0
,3,11,t,,,7.4,2.5,0
,3,12,t,,,7.5,1.9,0
,3,13,t,,,8,1.7,3.5
,3,14,t,J,,7,2,19
,3,15,t,,,8.4,2.5,0
,3,16,t,,,8.6,1.4,0
,3,17,t,,,11.4,1.4,0
,3,18,t,,J,11.9,1.2,5
,3,19,t,,,14.4,2.6,2
,3,20,t,,,11.2,3.3,0
,3,21,t,,,10.1,2.3,0
,3,22,t,,,10.5,1.7,0
,3,23,t,,,12.4,2,0
,3,24,t,,,9.6,3.6,0
,3,25,t,,,8,2.8,0
,3,26,t,,,7.7,1.6,0
,3,27,t,,,9.7,2.3,0
,3,28,t,,,11.3,2.8,0
,3,29,t,,,12.3,1.8,0
,3,30,t,,,14.9,2.6,0
,3,31,t,,,15.1,1.7,0.5
,4,1,t,J,J,14,3.7,6
,4,2,t,,,15.6,1.6,0
,4,3,t,,,16.9,2.4,3.5
,4,4,t,J,,15.6,1.7,12
,4,5,t,,,13.9,1.7,0
,4,6,t,,,14.9,1.8,0
,4,7,t,J,,16,2.2,20.5
,4,8,t,,,16.1,2,0
,4,9,t,,,16.9,1.4,0
,4,10,t,,,16.4,1.2,0
,4,11,t,,,12.4,4,0
,4,12,t,,,10.4,2,0
,4,13,t,,,14.6,1.7,6
,4,14,t,,,18.9,2.4,0
,4,15,t,,,16.3,2.2,0
,4,16,t,,,16.1,1.8,0
,4,17,t,,,20.6,4.9,4
,4,18,t,,,15.6,4.4,0
,4,19,t,,,16,4.1,0
,4,20,t,,,15.5,2,0
,4,21,t,J,J,15.9,1.4,19
,4,22,t,,,20.4,2.9,0
,4,23,t,,,18,1.7,4.5
,4,24,t,,,17,1.5,0
,4,25,t,,,16.9,1.7,0
,4,26,t,,,18.9,1.8,0
,4,27,t,J,J,17.3,3.7,7.5
,4,28,t,J,J,16,3.3,1.5
,4,29,t,,,13.8,3.1,0
,4,30,t,,,16,2,0
,5,1,t,,,20.1,2.1,0
,5,2,t,,,20,1.9,0
,5,3,t,,J,19,2.9,4
,5,4,t,,,21.6,7.3,0
,5,5,t,,,21.9,4.8,0
,5,6,t,J,,17.4,1.4,1.5
,5,7,t,,,19.8,2.5,0
,5,8,t,,,19.3,2,0
,5,9,t,J,J,16.2,2.1,23
,5,10,t,,J,17.9,1.5,2.5
,5,11,t,,,18.5,3.6,4.5
,5,12,t,,,18.2,1.9,0
,5,13,t,,,20,1.8,0
,5,14,t,,,21.3,2.1,0
,5,15,t,,,21.6,1.9,0
,5,16,t,,J,20.6,3,34.5
,5,17,t,,,18.9,2.2,0
,5,18,t,,,19.9,2,0
,5,19,t,,,20.6,1.7,0
,5,20,t,,,22.2,1.9,0
,5,21,t,,,22.8,1.6,0
,5,22,t,,,21.7,2,0
,5,23,t,,,23.3,1.9,0
,5,24,t,,,22.7,1.7,0
,5,25,t,,,21.7,1.8,0
,5,26,t,,J,23.5,2,4
,5,27,t,,,24.2,1.8,0
,5,28,t,,,21.1,2,0
,5,29,t,,J,20.9,2.2,7.5
,5,30,t,,,22.1,1.9,3
,5,31,t,,,24.4,3.2,0
,6,1,,,,21.9,2.6,0
,6,2,,,,20,2.4,0
,6,3,,,,21,2.1,0
,6,4,,,,20.3,2.5,6
,6,5,,J,,18.5,3.4,15
,6,6,,,,21.7,2,0
,6,7,,J,J,20.3,2.5,42.5
,6,8,,,,22.1,2.1,0
,6,9,,J,,22.8,1.6,4.5
,6,10,,,,25.2,1.9,0
,6,11,,,,24.9,2,0
,6,12,,,J,23,3.3,32.5
,6,13,,,,22.8,1.9,12
,6,14,,,,25.1,1.9,0
,6,15,,,,25.9,1.9,0
,6,16,,J,J,24,2,7.5
,6,17,,,,24.7,4.7,0
,6,18,,,,25.4,1.9,0
,6,19,,J,,22.7,1.7,26
,6,20,,,,24.6,2,0.5
,6,21,,,,25.2,2.4,41
,6,22,,J,J,23.7,1.4,14
,6,23,,,,25.9,2.7,65
,6,24,,,,22.6,2.4,32
,6,25,,J,J,23.8,4,8
,6,26,,,,24.3,3.2,0
,6,27,,,,22.6,1.9,19
,6,28,,,J,21.3,1.6,9.5
,6,29,,J,J,22,1.5,13
,6,30,,,J,24.4,1.2,0.5
,7,1,,,,26.5,1.7,0
,7,2,,,,28.7,1.9,0
,7,3,,,,30.2,2.7,0
,7,4,,,,30.1,2.3,0
,7,5,,,,29.2,2,0
,7,6,,,,29.6,1.8,0
,7,7,,,,29.5,2.3,0
,7,8,,J,J,24.5,1.7,13.5
,7,9,,J,J,24.8,1.7,28
,7,10,,,,27.6,1.5,0
,7,11,,,,27.8,2.1,0
,7,12,,,,28.6,1.7,0
,7,13,,J,,27.8,2.1,9.5
,7,14,,,,28.5,4,0
,7,15,,,,25.6,3.9,0
,7,16,,,,26.1,1.9,0
,7,17,,J,,27.5,2.1,9
,7,18,,,,28.7,2.4,0
,7,19,,,,28.4,1.8,0
,7,20,,,,28,2.7,0
,7,21,,,,27.6,2.6,0
,7,22,,,,27.5,2.4,0
,7,23,,,,28,2,0
,7,24,,,,28,2.1,0
,7,25,,,J,27.1,1.7,0
,7,26,,,,28.1,1.8,0
,7,27,,,,29.1,1.8,0
,7,28,,,,29.4,2.1,0
,7,29,,,,29.4,2.3,0
,7,30,,,,29,2,0
,7,31,,,,29.4,1.9,0
,8,1,,,,30,1.9,0
,8,2,,,,29.1,1.8,6.5
,8,3,,,,29.2,1.7,0
,8,4,,,,29.8,1.9,0
,8,5,,,,30,2,0
,8,6,,,,30.4,2.2,0
,8,7,,,,29.9,2.3,0
,8,8,,,,30.5,2.3,0
,8,9,,,,30.6,2.3,0
,8,10,,,,29.9,1.8,0
,8,11,,,,29.4,2,0
,8,12,,,,29.8,2.1,0
,8,13,,,,30.6,1.8,0
,8,14,,,,31.3,2.1,0
,8,15,,,,31.5,2.4,0
,8,16,,,,30,1.9,1
,8,17,,,,29.3,2.2,1.5
,8,18,,,,30.3,2.3,0
,8,19,,,,30.9,2,0
,8,20,,,,30.8,2,0.5
,8,21,,,,31.1,2.6,0
,8,22,,,,30.1,2.3,0
,8,23,,,,30.1,2.6,0
,8,24,,,,29.9,2.8,0
,8,25,,,,29.9,2.1,0
,8,26,,,,28.8,2.3,0.5
,8,27,,,,26.3,2.4,0
,8,28,,,,27.8,4.2,0
,8,29,,J,,25.3,5,79.5
,8,30,,,,24.9,5.6,0
,8,31,,,,26.5,3,0
,9,1,H,,J,25.5,1.6,0
,9,2,H,,,26.8,2.7,0
,9,3,H,,,28.2,3.4,0
,9,4,H,,J,28.6,4.4,0
,9,5,H,J,,26.5,1.5,10.5
,9,6,H,,,28.5,2.2,0
,9,7,H,,,28,2.1,0
,9,8,H,J,,25.5,3.4,36.5
,9,9,H,,,25.7,1.7,0
,9,10,H,,,26,2.2,0
,9,11,H,,,26.9,1.8,0
,9,12,H,,,26.7,2.7,1
,9,13,H,,,24.6,1.8,31
,9,14,H,J,,24.2,1.3,1
,9,15,H,,,25,2,0
,9,16,H,,,26.2,2,0
,9,17,H,,J,26.8,1.4,0
,9,18,H,J,J,25.3,1.5,31.5
,9,19,H,J,J,23.3,1.8,21
,9,20,H,J,J,21.1,3.5,100.5
,9,21,H,,,22.3,1.6,0
,9,22,H,J,J,22.3,1.8,12
,9,23,H,,,22,1.4,0.5
,9,24,H,,,23.7,2.1,0
,9,25,H,,,24.5,1.9,0.5
,9,26,H,J,,24.9,2,9.5
,9,27,H,,,26.4,1.9,0
,9,28,H,,J,26.7,2.3,10
,9,29,H,,J,22.6,1.9,20
,9,30,H,,,22.1,2,0
,10,1,H,,,22.9,1.3,1.5
,10,2,H,,,25.9,1.7,0
,10,3,H,,,25.2,1.5,0
,10,4,H,,,24.4,2,0
,10,5,H,,,26.2,3.2,1.5
,10,6,H,,,24.3,2.6,0
,10,7,H,,,21,2.6,0
,10,8,H,,,24.4,1.4,0
,10,9,H,,,21.6,3.1,10.5
,10,10,H,,,19.2,2.6,0
,10,11,H,,,18.5,1.8,0
,10,12,H,,,19.2,2.1,0
,10,13,H,,,17.9,2,0
,10,14,H,,,17.5,1.4,0
,10,15,H,,,17.8,1.9,0
,10,16,H,,J,22.2,3.6,0
,10,17,H,,,22.3,1.7,15
,10,18,H,,,23.4,1.5,0
,10,19,H,,,22.7,1.8,0
,10,20,H,,,22.5,1.9,0
,10,21,H,,,19.1,2.3,0
,10,22,H,J,J,17,1.2,9.5
,10,23,H,,,18.5,1.7,1.5
,10,24,H,,,16.9,2.2,0
,10,25,H,,,18.6,1.6,0
,10,26,H,,,21.1,1.8,0
,10,27,H,,,19.3,2.8,0
,10,28,H,,J,17.6,2,2
,10,29,H,,,17.4,3.4,0.5
,10,30,H,,,14.5,1.4,0
,10,31,H,,,15.3,1.5,5.5
,11,1,H,,,15,2.7,5
,11,2,H,,,14.2,2.4,0
,11,3,H,,,14.1,3.8,0
,11,4,H,,,12.9,1.9,0
,11,5,H,,,14.2,1.9,0
,11,6,H,,,14.2,2.7,0
,11,7,H,,,12,1.9,0
,11,8,H,,,13.6,2.1,3
,11,9,H,,,11.4,3.3,0
,11,10,H,,,10,2.1,0
,11,11,H,,,13.4,2.5,0
,11,12,H,,,13.6,1.6,0
,11,13,H,,,14.9,1.3,0
,11,14,H,J,J,16.3,1.4,2
,11,15,H,,J,17.1,2.6,1
,11,16,H,,,12.1,1.8,0
,11,17,H,,,12.9,1.7,0
,11,18,H,,,13.9,1.8,2
,11,19,H,J,,18.1,2.2,5.5
,11,20,H,,,18.4,1.7,0
,11,21,H,,,16.4,2.3,0.5
,11,22,H,,,17.2,3,0
,11,23,H,,,12.1,3.4,0
,11,24,H,,,11,3.6,1.5
,11,25,H,,,10.6,2.3,0
,11,26,H,,,10.7,1.7,2.5
,11,27,H,J,J,12.1,1.7,25.5
,11,28,H,,,12.3,3.3,0
,11,29,H,,,11.6,3,0
,11,30,H,,,10.5,2.1,0
,12,1,~,,,13.8,3.5,0
,12,2,~,,,11.2,2.1,0
,12,3,~,,,10.1,1.2,0
,12,4,~,,J,11,1.6,19.5
,12,5,~,,,14.4,3.1,0.5
,12,6,~,,,12.1,3.7,0
,12,7,~,,,9,2.1,0
,12,8,~,,,9.8,2,0
,12,9,~,,,10.4,3.5,0
,12,10,~,,,8.9,1.8,0
,12,11,~,,,8.6,2.4,0
,12,12,~,,,7.9,1.4,0
,12,13,~,J,J,10,1.2,27
,12,14,~,,,9.2,3.3,0.5
,12,15,~,,J,6.1,2.2,0.5
,12,16,~,,,5.8,3,0
,12,17,~,,,7.9,3.1,0
,12,18,~,,,8.1,1.7,0
,12,19,~,,,8.5,1.3,0
,12,20,~,,,10.5,1,0
,12,21,~,,,10.7,1.5,0
,12,22,~,,,13.9,2.6,6
,12,23,~,,J,10.8,6.5,2
,12,24,~,,,8.7,2.3,0
,12,25,~,,,7.8,1.5,0
,12,26,~,J,J,9,1.2,2
,12,27,~,J,,10.8,4,15
,12,28,~,,,5.3,3,0
,12,29,~,,J,5.2,2.9,0
,12,30,~,,,6.4,2.6,0
,12,31,~,,,6.6,2,0
,1,1,~,,,5.6,2.8,0.5
,1,2,~,,,10.9,7,0.5
,1,3,~,,,12.6,5.5,0
,1,4,~,J,,11.3,5.3,1.5
,1,5,~,J,J,9.1,4.1,3.5
,1,6,~,,,8,3,0
,1,7,~,J,J,5.2,2.5,19.5
,1,8,~,J,J,5,5.4,17
,1,9,~,,,4.8,4.4,14
,1,10,~,,J,6.3,6.7,4
,1,11,~,J,,3.6,4.6,2.5
,1,12,~,,J,2.2,3.8,0
,1,13,~,,,3.3,5.2,14
,1,14,~,,݂,3.2,5.8,33
,1,15,~,݂,J,3.8,4.2,5
,1,16,~,J,J,4.1,4.5,4.5
,1,17,~,,,4.2,4.5,0
,1,18,~,J,J,6.6,6.6,24.5
,1,19,~,,,1.5,12.4,13.5
,1,20,~,݂,,3.8,7.7,6
,1,21,~,,,2.7,2.8,6
,1,22,~,,,1.1,2.7,6
,1,23,~,,J,2.3,4.1,6.5
,1,24,~,,,-0.4,11.6,17
,1,25,~,,,0.7,4.4,4
,1,26,~,,,3.8,4.6,0
,1,27,~,J,,6.2,6.6,1.5
,1,28,~,J,,7.7,4,0.5
,1,29,~,J,J,4.7,7.3,22.5
,1,30,~,,,4.3,4.2,8
,1,31,~,,,5.7,2.8,5
,2,1,~,,,2.2,5.1,0
,2,2,~,,,2,3.4,1.5
,2,3,~,,,3,2.4,0.5
,2,4,~,,,4.7,5.4,11.5
,2,5,~,,,6,2.8,7.5
,2,6,~,,,3.8,4.2,22
,2,7,~,,,1.5,3.7,0
,2,8,~,,,4,3.5,2
,2,9,~,݂,,3.9,7.3,33
,2,10,~,,,3.9,4.9,2
,2,11,~,,,4.4,4.3,0
,2,12,~,,,9.1,2.4,0
,2,13,~,J,J,13.3,2.6,5
,2,14,~,J,J,12.4,6.7,27
,2,15,~,,,1.7,4.4,22.5
,2,16,~,,,0.5,6.2,34
,2,17,~,݂,,1.5,4,30.5
,2,18,~,,,4.7,3.4,0
,2,19,~,,,8.5,5.6,0
,2,20,~,,J,6.8,3.5,26.5
,2,21,~,,,6.7,7.2,3
,2,22,~,,,4.5,2.9,1
,2,23,~,,,6.9,5,3
,2,24,~,,,2.4,3.9,0
,2,25,~,,,2.6,4,3.5
,2,26,~,,,2.3,4.5,13.5
,2,27,~,,J,6,5,3
,2,28,~,,,8.1,2.3,0
,2,29,~,J,J,6,7.5,29
,3,1,t,,,1.1,4.9,3.5
,3,2,t,,,4.1,5,5
,3,3,t,J,,8.3,5.3,0
,3,4,t,,,8.3,3.3,0
,3,5,t,J,,11.5,3.6,0
,3,6,t,,,16.2,5.4,0
,3,7,t,,,12.4,5,2.5
,3,8,t,,,11.4,3.4,0
,3,9,t,J,J,4.9,6,9.5
,3,10,t,,,4.6,4.5,0
,3,11,t,,,4.7,3.7,4
,3,12,t,݂,,4,3.6,0
,3,13,t,,,5.7,2.6,3
,3,14,t,,,5.1,3.9,7.5
,3,15,t,J,,5.7,3,1.5
,3,16,t,,,8.3,3.2,0
,3,17,t,,,10.9,2.6,0
,3,18,t,,J,12.8,3.4,3.5
,3,19,t,J,,11.2,3.2,13.5
,3,20,t,,,8.6,3.8,0
,3,21,t,,,7.1,3.1,0
,3,22,t,,,9.6,4.5,0
,3,23,t,,,8.6,4.6,1
,3,24,t,J,,5.8,3.3,0
,3,25,t,݂,,4.8,2.8,2
,3,26,t,,,7,3.1,0
,3,27,t,,,8.1,2.4,0
,3,28,t,,,9.5,2.6,0
,3,29,t,,,11.4,2.6,0
,3,30,t,,,13.9,5.5,0
,3,31,t,,,12.5,2.2,0
,4,1,t,,,14.8,5.1,0
,4,2,t,,,15.9,2.1,0
,4,3,t,,,17.8,3.6,1
,4,4,t,J,J,10.6,5.8,26
,4,5,t,,,11.3,3.3,0.5
,4,6,t,,,12.5,2.8,0
,4,7,t,J,J,13,5.1,45.5
,4,8,t,,,13.6,3.3,0
,4,9,t,,,16.8,4.7,0
,4,10,t,,,15.8,4.5,0
,4,11,t,,,7.3,4.9,9.5
,4,12,t,,,9.2,2.8,0
,4,13,t,,,15.1,3.9,28
,4,14,t,,,15.4,3.6,1
,4,15,t,,,11.5,4.1,0
,4,16,t,,,15.4,1.9,0
,4,17,t,,,19,8.7,1
,4,18,t,,,14.3,5.5,0
,4,19,t,,,12.5,5.2,0
,4,20,t,,,13.4,1.8,0
,4,21,t,,J,14.9,2.9,28
,4,22,t,J,,14.5,3.8,4
,4,23,t,,,15.6,3.7,0
,4,24,t,,,15.3,3.9,0
,4,25,t,,,15.8,3.5,0
,4,26,t,,,16.8,4,0
,4,27,t,,,15.6,6.2,3.5
,4,28,t,J,J,12.4,5.7,52.5
,4,29,t,J,,11.7,4.7,0.5
,4,30,t,,,14.2,3.9,0
,5,1,t,,,17.2,5.6,0
,5,2,t,,,19.1,2.8,0
,5,3,t,,,22.2,3.4,0
,5,4,t,,,20.3,9.7,11.5
,5,5,t,,,17.9,7.3,0
,5,6,t,,,19.3,4.1,0
,5,7,t,,,18.8,6.9,0
,5,8,t,,,16.5,4.5,0
,5,9,t,,,17.5,2.8,0
,5,10,t,,,17.8,2.8,9.5
,5,11,t,J,J,16.5,6.6,11
,5,12,t,,,16,2.8,0
,5,13,t,,,18.9,3,0
,5,14,t,,,17.5,4.8,0
,5,15,t,,,21.5,2.6,0
,5,16,t,,,21.1,4.8,10
,5,17,t,,,15,2.9,6.5
,5,18,t,,,17.9,3.9,0
,5,19,t,,,19.5,2.7,0
,5,20,t,,,19.7,2.4,0
,5,21,t,,,18.7,3.1,0
,5,22,t,,,19.1,3,0
,5,23,t,,,20.5,3.1,0
,5,24,t,,,25.1,2.6,0
,5,25,t,,,22.1,3.1,2
,5,26,t,,,23.7,2.3,0.5
,5,27,t,,,20,4.3,24
,5,28,t,,,20.3,1.7,0
,5,29,t,,,21.3,2.9,2.5
,5,30,t,J,,18.3,3.3,4
,5,31,t,,,21,4.6,0
,6,1,,,,17.9,3.8,0
,6,2,,,,16.7,4.7,0
,6,3,,,,18.7,2.1,0
,6,4,,,,22.2,3.7,0
,6,5,,,,20.9,4.6,0
,6,6,,,,20.7,4.4,0
,6,7,,,,21.6,2.2,0
,6,8,,,,23.7,2.2,0
,6,9,,J,J,21.3,2,16.5
,6,10,,,,22.2,4.1,0
,6,11,,,,24.9,2.2,0
,6,12,,,,25.2,2.3,0.5
,6,13,,J,,21,3,25
,6,14,,J,,22.3,2.2,1
,6,15,,,,25.1,2.4,0
,6,16,,,J,24.5,2.2,4.5
,6,17,,,,22.9,5,8
,6,18,,,,23.3,2.9,0
,6,19,,,J,23.7,2.4,1
,6,20,,,,24.5,4.6,0
,6,21,,,,23.7,3.2,22
,6,22,,,,24.2,3.1,7
,6,23,,J,,21.4,3.8,24.5
,6,24,,,J,22.6,2.8,11.5
,6,25,,,,23.4,7.5,24
,6,26,,,,21.5,4.2,44
,6,27,,,,23.3,3.5,0
,6,28,,,,20.6,3.8,6.5
,6,29,,,J,22.4,2.8,2.5
,6,30,,,,24.2,3.6,1.5
,7,1,,,,26.7,2.3,0
,7,2,,,,29.5,5.3,0
,7,3,,J,,25.3,4.9,15.5
,7,4,,,J,24.6,3.2,14
,7,5,,,,26,2.9,9.5
,7,6,,,,28.3,5.2,0
,7,7,,J,,24.9,3.4,0
,7,8,,,,25.3,2,8
,7,9,,J,J,23.5,2.2,18.5
,7,10,,,,25.3,2.8,0
,7,11,,,,25.5,3.1,0
,7,12,,,,26.2,2.3,0
,7,13,,,,27.3,4,21.5
,7,14,,,,25.6,5,1.5
,7,15,,J,J,22.4,6,21
,7,16,,,,24.9,3.5,0
,7,17,,J,,25.4,3.7,11.5
,7,18,,,,25.1,2.3,0
,7,19,,,,25.1,2.8,0
,7,20,,,,25,4.6,0
,7,21,,,,24.3,4,0
,7,22,,,,24.9,3.4,0
,7,23,,,,26.8,2.5,0
,7,24,,,,27.7,2.4,0
,7,25,,,,27.1,2.5,0
,7,26,,J,,25.1,3.2,39
,7,27,,,,28.6,3.1,0
,7,28,,,,29.7,2.4,0
,7,29,,,,29.6,2.6,0
,7,30,,,,29,2.4,0
,7,31,,,,28.8,3,0
,8,1,,,,27.8,3.1,0.5
,8,2,,,,27.5,2.9,0
,8,3,,,,27.5,2.3,0
,8,4,,,,27.8,3.3,0
,8,5,,,,28.3,3.2,0
,8,6,,,,29,3.3,0
,8,7,,,,30.1,2.2,0
,8,8,,,,29.1,3.5,0
,8,9,,J,,27.9,3.2,0
,8,10,,,,26.3,3.5,0
,8,11,,,,26.5,3.6,0
,8,12,,,,27.7,3.1,0
,8,13,,,,29,2.5,0
,8,14,,,,28.6,2.3,0
,8,15,,J,,27.3,2.8,28
,8,16,,,J,27,3.8,61.5
,8,17,,J,,27.3,3.1,10.5
,8,18,,,,28.3,4.7,0
,8,19,,,,28.9,4.7,0
,8,20,,,,28.8,2.6,4
,8,21,,,,29.5,2.8,0
,8,22,,,,28.7,3.2,0.5
,8,23,,,,27.6,4.5,1
,8,24,,,,27.7,4,0
,8,25,,,,29.7,2.3,0
,8,26,,,J,27.1,4.1,13.5
,8,27,,,,23.1,5,18.5
,8,28,,,,24.2,4,0
,8,29,,,,25.8,2.7,4
,8,30,,J,J,22,5,65.5
,8,31,,,,27.6,5.8,0
,9,1,H,,,26.4,3.1,0
,9,2,H,,,26.6,2.6,0
,9,3,H,,,27.7,3.2,0
,9,4,H,,J,27.8,2.5,7.5
,9,5,H,,,26.9,2.2,1
,9,6,H,J,,26.1,3.3,1
,9,7,H,,,27.1,5,0
,9,8,H,J,J,24,4.9,24
,9,9,H,,,23.4,2.5,4
,9,10,H,,,23.8,3.8,0
,9,11,H,,,24.9,4.2,0
,9,12,H,,J,24.3,4.1,3.5
,9,13,H,J,,23.1,3.7,48
,9,14,H,,,23.9,2.1,5.5
,9,15,H,,,23.7,2.9,0
,9,16,H,,,24,1.6,0
,9,17,H,,J,23.6,3.4,11
,9,18,H,J,J,21.4,2.9,93
,9,19,H,J,,20.4,5,26
,9,20,H,J,J,19.2,6.3,45
,9,21,H,,,21.8,4.3,0
,9,22,H,,J,22,2.7,15.5
,9,23,H,J,,20.5,2.4,2.5
,9,24,H,,,21.6,3.4,0
,9,25,H,,,24.5,1.9,0
,9,26,H,J,J,24.4,2.1,1.5
,9,27,H,,,26.4,2.4,0
,9,28,H,J,J,23.5,1.9,43
,9,29,H,J,,20.2,3.4,46.5
,9,30,H,,,19.4,2.3,12.5
,10,1,H,,,20.7,3.6,6
,10,2,H,,,23.9,2.9,0
,10,3,H,,,24.9,2.9,0
,10,4,H,,,23.5,5,0
,10,5,H,,J,23.7,6.8,0
,10,6,H,,,20.9,4.5,3.5
,10,7,H,,,19.4,6.1,0
,10,8,H,,J,22.3,3.2,41.5
,10,9,H,,,18.2,4.3,43
,10,10,H,,,16.2,4.5,0
,10,11,H,,,16.7,3.2,0
,10,12,H,,J,15.7,3.2,3.5
,10,13,H,,,15.2,3,0
,10,14,H,,,15.8,3.3,0
,10,15,H,,,16.7,2.5,0
,10,16,H,,,19.1,2.6,0
,10,17,H,,,20.3,2.4,11
,10,18,H,,,21.1,3.1,0
,10,19,H,,,20.9,2.5,0
,10,20,H,,,19.7,4.1,0
,10,21,H,,,14.8,4.8,0
,10,22,H,,J,15.7,2.5,0
,10,23,H,,,15.7,4.9,0
,10,24,H,,,13.3,4.7,0
,10,25,H,,,17,4.3,1.5
,10,26,H,,,19.5,3.1,6
,10,27,H,,,15,4.7,0
,10,28,H,,J,13.2,5.1,27
,10,29,H,,,13.2,4.3,8.5
,10,30,H,,,12,4.1,0
,10,31,H,,,14.1,3.3,0
,11,1,H,J,J,11.8,5.2,1.5
,11,2,H,,,11.2,4.4,0
,11,3,H,,,11.8,5.9,28.5
,11,4,H,,,12.3,2.7,7.5
,11,5,H,,,14.9,4.6,0
,11,6,H,,,12.1,5.4,2.5
,11,7,H,,,11.2,4.6,0
,11,8,H,,J,12.6,5.3,27
,11,9,H,J,J,7.1,3.8,1.5
,11,10,H,,,8.9,4.9,0
,11,11,H,,,13.4,4.4,11.5
,11,12,H,,,14,2.3,0
,11,13,H,,,14.1,2.5,0
,11,14,H,,,14.9,1.9,1.5
,11,15,H,J,,14.4,4.9,12.5
,11,16,H,,,9.9,3.1,0
,11,17,H,J,J,9.2,3.9,6
,11,18,H,,,9.9,2.2,0
,11,19,H,J,,14.9,4,16
,11,20,H,J,,16.1,4.3,0.5
,11,21,H,,,13.9,4.6,0
,11,22,H,,,14.6,3.6,3
,11,23,H,J,,6.4,6,2
,11,24,H,,,7.4,6.3,0
,11,25,H,J,,8.1,4,10
,11,26,H,,,10.5,2.3,6
,11,27,H,J,J,11.2,2.2,21
,11,28,H,,,9.6,3.7,2.5
,11,29,H,,J,7.6,3.2,2
,11,30,H,,,7.2,2.9,0.5
,12,1,~,,J,14.2,7.4,6.5
,12,2,~,,,10,4,0
,12,3,~,,,11.4,2.4,0
,12,4,~,,,12,2.5,0.5
,12,5,~,,,13.3,5.4,5
,12,6,~,J,J,8.5,6.5,12
,12,7,~,,J,6.9,4.6,6
,12,8,~,,,7.5,2.7,11.5
,12,9,~,J,J,10.1,7.1,15
,12,10,~,,,4.8,4.2,5
,12,11,~,J,݂,2.9,3.6,6.5
,12,12,~,,,4.4,2.3,0
,12,13,~,J,,10.4,3.5,17
,12,14,~,J,,6.2,5.8,15
,12,15,~,݂,,4,3.4,0
,12,16,~,,,2.2,3.8,18.5
,12,17,~,J,J,5.5,5.1,10
,12,18,~,,,9.6,4.4,0
,12,19,~,,,11.2,3.6,0
,12,20,~,,,11.1,2.2,0.5
,12,21,~,,,10.6,2.5,0
,12,22,~,,,15.2,7.3,27
,12,23,~,J,,9,5.9,17.5
,12,24,~,J,,5.4,2.6,4
,12,25,~,J,,6.1,2.8,2
,12,26,~,,J,7.3,2,3.5
,12,27,~,J,J,6.7,5.4,54
,12,28,~,,,2.8,3.9,7.5
,12,29,~,,J,4.5,4.6,8.5
,12,30,~,݂,,3.6,3.2,2
,12,31,~,,J,7.1,4.2,1
,1,1,~,,,1.3,1.6,1.5
,1,2,~,,,2,1.3,0
,1,3,~,,,4.5,1.4,0
,1,4,~,,,4.8,1.6,0
,1,5,~,,,4.5,2,0
,1,6,~,,,3.4,1.7,0
,1,7,~,݂,,1.5,2.3,0
,1,8,~,,,0.1,1.2,0
,1,9,~,,,1,1.7,0
,1,10,~,,,1.2,1.6,0
,1,11,~,,,0.5,3,0
,1,12,~,,,-0.9,2.1,0
,1,13,~,,,-0.6,1,0
,1,14,~,,,0.1,1.9,0
,1,15,~,,,-0.5,1.8,0
,1,16,~,,,-1,2.2,0
,1,17,~,,,-0.4,1.5,0
,1,18,~,,J,1.2,4.5,13.5
,1,19,~,,,-0.2,3.4,0
,1,20,~,,,-2.2,2.3,16.5
,1,21,~,,,-1.6,1.4,0
,1,22,~,,,-2.4,1.8,0
,1,23,~,,,-2,1.3,0
,1,24,~,,,-3.9,3,0.5
,1,25,~,,,-4.4,1.7,0
,1,26,~,,,-3.5,1.3,0
,1,27,~,,,-0.9,1.4,0
,1,28,~,,,0.5,1.2,0
,1,29,~,J,݂,0.6,1.1,17
,1,30,~,,,0.1,2,4
,1,31,~,,,0.1,1.1,0
,2,1,~,,,-0.6,3.2,0
,2,2,~,,,-1.7,1.9,0
,2,3,~,,,-2.1,1.9,0
,2,4,~,,,-0.9,1.6,0
,2,5,~,,,1.1,1.6,0
,2,6,~,,,1.1,2.7,0
,2,7,~,,,-1.7,2.9,0
,2,8,~,,,-1.8,1.8,0
,2,9,~,,,-0.9,1.4,5.5
,2,10,~,,,-1,2.6,2
,2,11,~,,,-0.3,1.4,0
,2,12,~,,,3.5,1.2,0
,2,13,~,,,8.7,2.9,0
,2,14,~,J,J,10.1,3,14
,2,15,~,,,0.5,3.9,1
,2,16,~,,,0.3,1.6,0
,2,17,~,,,-0.2,2.4,1
,2,18,~,,,1.2,2,0
,2,19,~,,,4.3,1.8,0
,2,20,~,,J,4.5,2.5,12.5
,2,21,~,,,3.9,2.9,0
,2,22,~,,,1.8,2.5,0
,2,23,~,,,4.5,2.4,0
,2,24,~,,,-0.1,4.2,0
,2,25,~,,,-1.1,2,0
,2,26,~,,,0.3,2,0
,2,27,~,,,3.8,3.3,0
,2,28,~,,,6.3,2.8,0
,2,29,~,,,4,4.3,5
,3,1,t,,,-2.2,3.2,1
,3,2,t,,,-0.1,1.7,0
,3,3,t,,,3.1,2.4,0
,3,4,t,,,4.8,1.7,0
,3,5,t,,,8,3,0
,3,6,t,,,14,4.7,0
,3,7,t,,,11.7,1.8,0
,3,8,t,,,10,3,0
,3,9,t,J,,2.1,3.3,5
,3,10,t,,,1.6,3.9,0
,3,11,t,,,2,2.7,0
,3,12,t,,,1.6,2.5,0
,3,13,t,,,3.9,1.5,0
,3,14,t,,݂,1.4,1.7,8.5
,3,15,t,,,1.7,3.2,1.5
,3,16,t,,,5.1,1.5,0
,3,17,t,,,8.9,1.7,0
,3,18,t,,,11.8,2.3,0.5
,3,19,t,J,J,12,4.2,2.5
,3,20,t,J,,5.6,4.6,0
,3,21,t,,,3.9,3.7,0
,3,22,t,,,5.7,1.8,0
,3,23,t,,,4.6,3.7,0
,3,24,t,,,2.8,2.8,0
,3,25,t,,,1,2.5,0.5
,3,26,t,,,3.5,2.5,0
,3,27,t,,,7.1,2.5,0
,3,28,t,,,7.3,2.9,0
,3,29,t,,,8.6,1.6,0
,3,30,t,,,11.1,2.3,0
,3,31,t,,,10.4,2,0
,4,1,t,,,12,3.4,0
,4,2,t,,,13.2,5.7,0
,4,3,t,,,15.2,3.1,0
,4,4,t,J,J,10.8,3.6,12
,4,5,t,,,9.5,2.1,0
,4,6,t,,,10.5,2,0
,4,7,t,J,J,11.7,4.9,25
,4,8,t,,,11.3,3.1,0
,4,9,t,,,12.5,2,0
,4,10,t,,,12.1,1.9,0
,4,11,t,J,,4.2,5.3,1
,4,12,t,,,8.1,2.6,0.5
,4,13,t,,,14,3.9,11.5
,4,14,t,,,14.4,3,9.5
,4,15,t,,,9.9,4.4,0
,4,16,t,,,13.1,2.8,0
,4,17,t,J,,18.3,5.5,1.5
,4,18,t,,,12.3,3,0
,4,19,t,,,10.9,3.1,0
,4,20,t,,,12.8,2.6,0
,4,21,t,,J,13.9,4.6,15
,4,22,t,,,14.5,2.8,0
,4,23,t,,,17.2,2.6,0
,4,24,t,,,14.3,3.3,0
,4,25,t,,,15.6,2.1,0
,4,26,t,,,16.4,2.3,0
,4,27,t,,,16.2,2.1,1.5
,4,28,t,J,,13.2,4.1,31
,4,29,t,,J,9.6,4.2,0
,4,30,t,,,11.1,1.9,0
,5,1,t,,,15.6,2.7,0
,5,2,t,,,17.4,2.2,0
,5,3,t,,,20.4,5.3,0
,5,4,t,,,18.6,4.9,5
,5,5,t,,,16,3.1,0
,5,6,t,,,15.8,4.2,0
,5,7,t,,,17.3,5.2,0
,5,8,t,,,15.3,3.2,0
,5,9,t,,,16.2,3.6,0
,5,10,t,,,19.5,2.9,0
,5,11,t,J,,18.2,3.8,5.5
,5,12,t,,,17,2.8,0
,5,13,t,,,19.3,4.2,0
,5,14,t,,,18.8,2.2,0
,5,15,t,,,20.2,3.9,0
,5,16,t,,,20.6,5.5,0
,5,17,t,J,,12.5,3.2,18
,5,18,t,,,15.9,2.3,0
,5,19,t,,,18.9,2.2,0
,5,20,t,,,19.3,3.7,0
,5,21,t,,,18.2,2.7,0
,5,22,t,,,19.3,2.3,0
,5,23,t,,,20.3,2.6,0
,5,24,t,,,22.6,1.9,0
,5,25,t,,,22.6,4,0
,5,26,t,,,23.3,2.3,0
,5,27,t,,,18.2,2.7,5
,5,28,t,,,18.5,1.6,0
,5,29,t,,,21.3,2.4,0.5
,5,30,t,,,17.9,5.7,0.5
,5,31,t,,,20.4,2.4,0
,6,1,,,,15,4.5,0
,6,2,,,,13.5,4,0
,6,3,,,,15.9,1.8,0
,6,4,,,,20,2.2,0
,6,5,,,,19.9,2.6,0
,6,6,,,,20.2,2.6,0
,6,7,,,,21.7,3.7,0
,6,8,,,,23.3,3.9,0
,6,9,,J,,20.6,3,3
,6,10,,,,21.5,2.3,0
,6,11,,,,22.9,2.2,19.5
,6,12,,,,22.6,3.1,0
,6,13,,J,,18.7,2.8,22
,6,14,,,,21.2,2.5,0
,6,15,,,,22.9,3.1,0
,6,16,,,J,21.5,5.4,0.5
,6,17,,,,22.3,3.1,0
,6,18,,,,22.5,2.3,0
,6,19,,,J,22.3,3.2,1
,6,20,,,,23,2.8,0
,6,21,,,,21.9,2.3,0
,6,22,,,,22.3,1.6,5.5
,6,23,,J,,20,2.6,13.5
,6,24,,,J,20.3,3.1,11.5
,6,25,,,,21.7,2.6,11
,6,26,,,,19.9,2.2,0
,6,27,,,,21.7,1.6,0
,6,28,,,,18.8,2.8,15.5
,6,29,,,,21.9,2.8,0
,6,30,,,,23.6,2.9,0
,7,1,,,,25.3,2.1,0
,7,2,,,,26.7,2.3,0
,7,3,,J,,24.7,2.1,0.5
,7,4,,,,22.8,2,5
,7,5,,,,24.1,2.6,1
,7,6,,,,26,2.6,0
,7,7,,,,25.5,1.9,0
,7,8,,,,24.5,1.4,0
,7,9,,J,J,22,1.2,6
,7,10,,,,24.3,2,0
,7,11,,,,23.6,2.4,0
,7,12,,,,25,1.8,0
,7,13,,J,,23.9,1.1,12
,7,14,,,,24.2,2.2,3
,7,15,,,,22.8,1.9,8
,7,16,,,,24.5,2.3,0.5
,7,17,,J,,25.2,2.8,1
,7,18,,,,24.4,3.1,0
,7,19,,,,24.3,2.9,0
,7,20,,,,23.4,2.4,0
,7,21,,,,23.4,2.2,0
,7,22,,,,24.2,2.6,0
,7,23,,,,24.7,3.4,0
,7,24,,,,25.2,3.5,0
,7,25,,,,24.7,2.8,0
,7,26,,,J,22.2,3.3,34.5
,7,27,,,,25.1,2.6,7.5
,7,28,,,,27.1,3.1,0
,7,29,,,,27.7,3.3,0
,7,30,,,,27.2,2.6,0
,7,31,,,,27,2.5,0
,8,1,,,J,26.6,2.6,0
,8,2,,,,24.8,2.3,3.5
,8,3,,,,25.1,1.8,0.5
,8,4,,,,26.3,2,0
,8,5,,,,27.2,2,0
,8,6,,,,28.4,1.9,0
,8,7,,,,29.3,3.2,0
,8,8,,,,27.3,3.6,0
,8,9,,,J,26,3,0
,8,10,,,,24.8,2.6,0
,8,11,,,,25.4,2,0
,8,12,,,,26.6,2,0
,8,13,,,,27.2,2.8,0
,8,14,,,,27,2.7,0
,8,15,,,J,26.2,2.7,0
,8,16,,,,27.6,3.5,0
,8,17,,,J,25,2.6,0
,8,18,,,J,25.3,2.1,3.5
,8,19,,,,26.8,2.3,0
,8,20,,,J,27,3.4,0
,8,21,,,,27.2,2,14.5
,8,22,,,,25.7,3,0
,8,23,,J,,23.8,2.3,1
,8,24,,,,25.7,2,1
,8,25,,,,27.6,2.9,12
,8,26,,,,26.2,3.2,10
,8,27,,J,J,20,2.4,16
,8,28,,,,23.4,4,0
,8,29,,,,25.8,5.3,2
,8,30,,J,J,20.4,1.8,12.5
,8,31,,,,23.9,3,0
,9,1,H,,,23.4,2.2,0
,9,2,H,,,25.5,2.8,0
,9,3,H,,,26.8,4.2,0
,9,4,H,,,27.7,3.9,0
,9,5,H,,,27,3.1,0
,9,6,H,,,26.3,2.2,0
,9,7,H,,,25.6,1.7,0
,9,8,H,,J,24.2,3.6,21
,9,9,H,,,22.6,3,0
,9,10,H,,,22.3,2.2,0
,9,11,H,,,22.3,1.5,0
,9,12,H,,,23.4,2.5,0.5
,9,13,H,J,,22.3,3,22
,9,14,H,J,,22.4,1.9,0.5
,9,15,H,,,21.9,1.8,0
,9,16,H,,,22.1,1.5,0
,9,17,H,,,21.1,1.3,4
,9,18,H,J,J,19.3,1.3,54.5
,9,19,H,J,,18.4,2.1,28
,9,20,H,J,J,16.4,1.6,70
,9,21,H,,,19.3,3.3,0
,9,22,H,J,J,18.7,2.7,12
,9,23,H,,,18.5,1.5,4
,9,24,H,,,19.6,1.6,0
,9,25,H,,,21.5,1.6,0
,9,26,H,J,J,21.4,1.3,3.5
,9,27,H,,,24,1.8,0
,9,28,H,,J,21.4,1.2,17.5
,9,29,H,J,,18.5,3,5
,9,30,H,,,18,1.5,1.5
,10,1,H,,,18.3,1.6,11
,10,2,H,,,22.4,1.5,0.5
,10,3,H,,J,22.5,2.6,0
,10,4,H,,,19.6,2.1,0
,10,5,H,,,21.9,5.1,0
,10,6,H,,,19.7,4.3,0
,10,7,H,,,17.1,2.9,0
,10,8,H,J,J,20.7,3.4,0
,10,9,H,J,,15.9,3.5,13.5
,10,10,H,,,13.5,2.9,0
,10,11,H,,,13.6,1.3,0
,10,12,H,,J,12.7,2.6,0
,10,13,H,,,12.1,2.1,0
,10,14,H,,,12.1,1.4,0
,10,15,H,,,12.7,1.5,0
,10,16,H,,,15.5,3.1,0.5
,10,17,H,J,,17.1,3.5,8
,10,18,H,,,19.1,2.3,0
,10,19,H,,,19.1,1.3,0
,10,20,H,,,16.7,3.2,0
,10,21,H,,,12,2.3,0
,10,22,H,,,12.3,1.3,0
,10,23,H,,J,12.5,3.5,0
,10,24,H,,,9.4,3,0
,10,25,H,,J,10.4,4.3,1
,10,26,H,,,15,2.1,1.5
,10,27,H,,,11.8,3.8,0
,10,28,H,,J,8.6,1.5,11.5
,10,29,H,J,,10.3,4.1,0
,10,30,H,,,8.9,2.1,0
,10,31,H,,,10,1.6,0
,11,1,H,,,9.4,2.6,0
,11,2,H,,,8.9,2.4,0
,11,3,H,,,8.6,2.6,0
,11,4,H,,,8.2,2.1,0
,11,5,H,,,8.8,1.6,0
,11,6,H,J,,7.3,3.4,0
,11,7,H,,,7.3,2.2,0
,11,8,H,,,8.7,2.8,5
,11,9,H,J,,3.8,4.9,0.5
,11,10,H,,,4.9,1.6,0
,11,11,H,,,8.9,1.6,8
,11,12,H,,,10.2,2.2,0
,11,13,H,,,10,1.7,0
,11,14,H,,,10.9,2.3,8
,11,15,H,,J,11.1,2.8,1
,11,16,H,,,5.8,3,0
,11,17,H,,,4.8,2.4,0
,11,18,H,,,6.8,1.4,0
,11,19,H,J,,9.4,1.6,9.5
,11,20,H,,,10.6,2.2,0
,11,21,H,,,11.1,2.3,0
,11,22,H,,,10.8,2.2,0
,11,23,H,,,3.5,4.5,0
,11,24,H,,,0.3,1.1,5
,11,25,H,,,2,1.5,0
,11,26,H,,,5.8,3.1,0
,11,27,H,J,J,6.8,1,13.5
,11,28,H,J,,5.3,3,0
,11,29,H,J,,3.9,3.4,0
,11,30,H,,,5.2,2.7,0
,12,1,~,,,8.3,1.7,1
,12,2,~,,,5.7,2.7,0
,12,3,~,,,4.7,1.2,0
,12,4,~,,,6.1,1,0
,12,5,~,,,9.1,1.6,0.5
,12,6,~,J,J,3.8,3.4,3.5
,12,7,~,,,3.3,1.1,0
,12,8,~,,,3.5,1.7,0
,12,9,~,,J,4.4,2.7,0.5
,12,10,~,,,1.7,3.2,0
,12,11,~,,,-0.5,1.6,2.5
,12,12,~,,,0.1,1.6,0
,12,13,~,J,,3.6,0.9,8.5
,12,14,~,J,,3.3,3,11
,12,15,~,,,-0.2,1.7,0
,12,16,~,,,-0.9,2,0
,12,17,~,,J,0,1.4,0
,12,18,~,,,1.8,1.1,0
,12,19,~,,,3,1.1,0
,12,20,~,,,3.5,1.4,0
,12,21,~,,,4.1,1.7,0
,12,22,~,,,13,5,10
,12,23,~,,,7.7,2.4,2
,12,24,~,,,1.1,2.1,6
,12,25,~,,,0.4,1.4,0
,12,26,~,,,3,1,0
,12,27,~,J,J,3.8,3.4,14.5
,12,28,~,,,-1,2.5,5.5
,12,29,~,,,-1,1.8,0.5
,12,30,~,,,-0.8,2.8,0
,12,31,~,,,-0.7,1.3,0
l,1,1,~,,,8.3,3.4,0
l,1,2,~,,,7.9,2.2,0
l,1,3,~,,,10.1,2,0
l,1,4,~,,,10.8,1.9,0
l,1,5,~,,,11.8,2.1,0
l,1,6,~,,,9.7,2.3,0
l,1,7,~,,,9.3,3.2,0
l,1,8,~,,,8.1,2.6,0
l,1,9,~,,,8.1,2.5,0
l,1,10,~,,,8.4,2.4,0
l,1,11,~,,,7.9,2.6,0
l,1,12,~,,,4.5,3.4,0
l,1,13,~,,,5.8,2,0
l,1,14,~,,,7.1,2,0
l,1,15,~,,,6.5,3.5,0
l,1,16,~,,,7.2,2.6,0
l,1,17,~,,,6.5,3.3,3.5
l,1,18,~,J,,4.5,5.9,45.5
l,1,19,~,,,5.7,7,0
l,1,20,~,,,4.8,5.2,0
l,1,21,~,,,5.9,3,0
l,1,22,~,,,6.4,4,0
l,1,23,~,,J,4.8,3.2,0
l,1,24,~,,,3.6,4.2,0
l,1,25,~,,,3.6,2.5,0
l,1,26,~,,,4.7,2.5,0
l,1,27,~,,,7.3,2.5,0
l,1,28,~,,,8.6,1.8,0
l,1,29,~,J,J,5.8,3.2,21
l,1,30,~,J,,3.9,4.2,3.5
l,1,31,~,,,6.8,1.9,0
l,2,1,~,,,5.2,3.1,0
l,2,2,~,,,6,3.8,0
l,2,3,~,,,5.6,3.9,0
l,2,4,~,,,6,2.3,0
l,2,5,~,,,7.7,2.3,0
l,2,6,~,,,7.2,3.3,0
l,2,7,~,,,5.6,4.2,0
l,2,8,~,,,5.1,2.8,0
l,2,9,~,,,7.2,4,0
l,2,10,~,,,6.6,4.8,0
l,2,11,~,,,6.6,3.5,0
l,2,12,~,,,7.3,2.7,0.5
l,2,13,~,,,14.5,4.3,0
l,2,14,~,J,,18.6,8.2,53
l,2,15,~,,,8.8,4.8,0.5
l,2,16,~,,,5.8,4,0
l,2,17,~,,,6.8,4.8,0
l,2,18,~,,,6.7,3.1,0
l,2,19,~,,,11,2.6,0
l,2,20,~,,J,8.2,3.5,39.5
l,2,21,~,,,10.3,3.7,0
l,2,22,~,,,7.4,3.5,0
l,2,23,~,,,7.5,2.4,0
l,2,24,~,,,6.5,4.3,0
l,2,25,~,,,4.4,2.5,0.5
l,2,26,~,,,6.3,3,0
l,2,27,~,,,8.2,4.6,0
l,2,28,~,,,9.7,3.5,0.5
l,2,29,~,,J,8.6,3.6,7
l,3,1,t,,,5.6,4.5,0
l,3,2,t,,,6.9,2.8,0
l,3,3,t,,,10.4,2.2,0
l,3,4,t,,,11.1,2.7,0
l,3,5,t,,,11.7,3.2,0
l,3,6,t,,J,12.9,3.5,16.5
l,3,7,t,J,J,15,2.5,87.5
l,3,8,t,,,15.4,2.4,0
l,3,9,t,,J,9.4,3.2,26.5
l,3,10,t,,,6.6,4,0
l,3,11,t,J,J,5,2.4,1
l,3,12,t,,,6.4,2.9,0
l,3,13,t,,,7.3,3.5,0
l,3,14,t,J,J,5.8,5.5,44.5
l,3,15,t,,,8.7,5.4,0.5
l,3,16,t,,,9.5,2.6,0
l,3,17,t,,,12.9,2.4,0
l,3,18,t,,,14.9,4.2,0
l,3,19,t,J,,15.3,3.5,19.5
l,3,20,t,,,12.8,4,0.5
l,3,21,t,,,9.6,2.9,0
l,3,22,t,,,11.3,3.8,0
l,3,23,t,,,12.1,3.2,0
l,3,24,t,J,,6.9,2.6,0
l,3,25,t,,,8.6,3.3,0
l,3,26,t,,,8.2,3.2,0
l,3,27,t,,,10.5,3.4,0
l,3,28,t,,,11.2,2.8,10
l,3,29,t,,,12.6,3.6,0
l,3,30,t,,,15.1,4.4,0
l,3,31,t,,,15.3,3.3,0
l,4,1,t,,,13.2,3.6,4
l,4,2,t,J,,10.9,3.5,1.5
l,4,3,t,J,,13.5,2.8,3.5
l,4,4,t,J,,16.3,4.8,8
l,4,5,t,,,11.2,2.4,0.5
l,4,6,t,,,14.5,2.4,0
l,4,7,t,J,J,15.1,3.8,43.5
l,4,8,t,,,16.9,2.7,0
l,4,9,t,,,17.2,3.7,0
l,4,10,t,,,17.4,2.3,0
l,4,11,t,,,12,4.8,0
l,4,12,t,,,11.1,4,0
l,4,13,t,J,,14.9,3.2,6
l,4,14,t,J,,15,2.8,39.5
l,4,15,t,,,16.8,4.2,0
l,4,16,t,,,16.4,3.5,0
l,4,17,t,,,19.2,8.3,1
l,4,18,t,,,18.8,4.1,1
l,4,19,t,,,16.7,3.4,0
l,4,20,t,,,15.4,3.9,0
l,4,21,t,,J,16.7,4.7,10
l,4,22,t,,,16.6,3.5,0.5
l,4,23,t,,,17.7,3.3,0
l,4,24,t,J,,15.8,2.6,5
l,4,25,t,,,18.1,2.1,0
l,4,26,t,,,19.2,3,0
l,4,27,t,,,17.9,2.8,1
l,4,28,t,J,J,14.8,3.2,27.5
l,4,29,t,,,16.4,6.5,1.5
l,4,30,t,,,16.7,4,0
l,5,1,t,,,18.9,2.3,0
l,5,2,t,,,18,2.8,0
l,5,3,t,,,20.1,5,0
l,5,4,t,,,21.7,8.5,19.5
l,5,5,t,,,22.4,4.7,0
l,5,6,t,,J,18.6,3.3,0.5
l,5,7,t,,,20.8,6,0
l,5,8,t,,,20.8,3.9,0
l,5,9,t,,J,18,2.6,18.5
l,5,10,t,,,19.1,3.3,4.5
l,5,11,t,,,22,7.4,13.5
l,5,12,t,,,21.1,3.1,0
l,5,13,t,,,20.6,2.7,0
l,5,14,t,,,20.1,3.6,0
l,5,15,t,,,17.6,3.4,0
l,5,16,t,,,19.2,4.4,0
l,5,17,t,J,J,18.9,3.8,29
l,5,18,t,,,20.1,3.5,0
l,5,19,t,,,19.6,3.9,0
l,5,20,t,,,17.3,3.3,0
l,5,21,t,,,18.9,3.2,1.5
l,5,22,t,,,22.2,3.2,0
l,5,23,t,,,23.4,2.3,0
l,5,24,t,,,23.5,3.8,0
l,5,25,t,,,22,5.4,0
l,5,26,t,,,22.7,5.8,0
l,5,27,t,J,J,19.6,3.4,19.5
l,5,28,t,,,19.5,1.8,0
l,5,29,t,,,21.6,2.7,0
l,5,30,t,J,,17.3,3.6,22.5
l,5,31,t,,,20.2,3.6,0
l,6,1,,,,21.3,4,1
l,6,2,,,,21.1,6.2,0
l,6,3,,,,19.6,4.5,0
l,6,4,,,,21.4,5.8,0
l,6,5,,J,,18.7,2.9,6.5
l,6,6,,,,19.9,2.7,0
l,6,7,,,,19.7,2.1,1.5
l,6,8,,,,21.6,2.5,3
l,6,9,,,,21.1,2.3,10.5
l,6,10,,,,23.3,3.2,0
l,6,11,,,,23.1,3.2,0
l,6,12,,,,23.5,3.1,0
l,6,13,,J,J,20,5,78.5
l,6,14,,,,22.1,3.4,0
l,6,15,,,,21.5,2.6,0
l,6,16,,,,22.1,3.1,6.5
l,6,17,,,,24,2.7,1
l,6,18,,,,26.5,3.4,0
l,6,19,,,,23.9,3.7,6
l,6,20,,,,24.4,2.2,1.5
l,6,21,,J,,23,1.9,13.5
l,6,22,,J,,22.8,2.3,0
l,6,23,,J,,23.2,2.5,15.5
l,6,24,,,,22.9,2.9,0
l,6,25,,,,25.6,7,1.5
l,6,26,,,,24.9,3.3,0
l,6,27,,,,24.4,2.9,0
l,6,28,,J,J,19.3,2.6,24
l,6,29,,J,,21.3,1.7,5
l,6,30,,,,22.9,1.4,0
l,7,1,,,,25.4,2,0
l,7,2,,,,26.5,3.7,0
l,7,3,,,,28.9,5.6,0
l,7,4,,,,27.6,2.4,26.5
l,7,5,,,J,22.2,3.3,0
l,7,6,,,,23.7,3,0
l,7,7,,,,27.4,2.7,0
l,7,8,,,,24.7,2.2,0
l,7,9,,J,J,22.4,3.2,17.5
l,7,10,,,,25.2,2.4,0
l,7,11,,,,27.2,2.6,0
l,7,12,,J,,26.5,2.8,0
l,7,13,,J,J,25.3,1.5,1
l,7,14,,,,26.8,2.5,61
l,7,15,,,J,22.9,2.4,110
l,7,16,,,,24,2.6,0
l,7,17,,,,26.4,2.6,0
l,7,18,,,,28.6,3,0
l,7,19,,,,27.9,3.1,0
l,7,20,,,,26.2,3,2.5
l,7,21,,J,J,21.9,2.5,61.5
l,7,22,,J,,21.8,2.8,9
l,7,23,,,,22.7,3,0
l,7,24,,,,24,2.9,0
l,7,25,,,,24.9,2.2,0
l,7,26,,,J,24,2.9,1
l,7,27,,,J,24.1,3.2,0
l,7,28,,,,26.2,3,0
l,7,29,,,,26.8,2.7,0
l,7,30,,,,27.4,2,0
l,7,31,,,J,27.6,2.8,0
l,8,1,,,,27.2,3,1
l,8,2,,,,26.6,2.5,4.5
l,8,3,,,,27.1,2.5,4
l,8,4,,,,28.2,3,0
l,8,5,,,,28.5,3.3,0
l,8,6,,,,28.9,2.7,0
l,8,7,,,,28.8,3.6,0
l,8,8,,,,29.2,5.5,0
l,8,9,,,,31.6,3,0
l,8,10,,,,29.3,3.9,0
l,8,11,,,,27.2,2.9,0
l,8,12,,,,26.6,3,0
l,8,13,,,,26.4,2.9,0
l,8,14,,,,26.4,2.8,0
l,8,15,,,,27.2,3.7,0
l,8,16,,,,27.1,4.1,33.5
l,8,17,,,,28.7,6.1,9.5
l,8,18,,,,28.4,3,4.5
l,8,19,,,,28.2,3.3,0
l,8,20,,J,,26.3,3.5,18.5
l,8,21,,,,28,2.8,0
l,8,22,,J,J,26.3,5,104
l,8,23,,,,27,3.3,0
l,8,24,,,,26.5,2.6,5.5
l,8,25,,,,27.9,2.6,0
l,8,26,,,,28.4,3,0
l,8,27,,,J,24.8,2.9,2.5
l,8,28,,J,,22.5,3,10.5
l,8,29,,,,26.1,3.8,2.5
l,8,30,,J,J,25.6,5.5,20
l,8,31,,,,27,5.8,0
l,9,1,H,,,27.2,3,0
l,9,2,H,,,26.9,3.2,0
l,9,3,H,,,27,3.1,2
l,9,4,H,,,27,2.3,12
l,9,5,H,,,28.2,3,0
l,9,6,H,,,28.3,4.9,0
l,9,7,H,,,27.1,4,3.5
l,9,8,H,,,27.2,4,0.5
l,9,9,H,,,27.8,2.2,0
l,9,10,H,,,27.2,3.3,0
l,9,11,H,J,,23,2.4,16.5
l,9,12,H,,,24.5,3.5,0
l,9,13,H,J,J,23.2,2.8,57.5
l,9,14,H,J,,22.7,2.3,9
l,9,15,H,,,24.3,2.1,5
l,9,16,H,J,,23.6,1.6,0.5
l,9,17,H,,,25.3,2.4,0
l,9,18,H,J,J,25.2,3.9,0.5
l,9,19,H,,J,21.8,3,19.5
l,9,20,H,J,J,19.3,5.6,112
l,9,21,H,,,20.4,3.3,0
l,9,22,H,J,,19.6,4.4,52.5
l,9,23,H,,J,21.4,1.3,17
l,9,24,H,,J,21.9,2.2,5
l,9,25,H,,,23.8,2.1,0
l,9,26,H,,,25.5,1.7,0
l,9,27,H,,,26,2.2,0
l,9,28,H,,J,26.9,4.1,0
l,9,29,H,J,,25.4,2.9,0
l,9,30,H,,,21.7,2.6,1
l,10,1,H,J,,20.1,2.6,2
l,10,2,H,,,22.9,1.7,0
l,10,3,H,J,J,22.8,2.4,3.5
l,10,4,H,,,25.2,2.2,0
l,10,5,H,,,24.6,3.1,0.5
l,10,6,H,,,26.2,3.8,0
l,10,7,H,,,21.5,3.7,0
l,10,8,H,,,22.3,3.5,12
l,10,9,H,J,,22.8,5.3,6.5
l,10,10,H,,,18.9,3,0
l,10,11,H,,,18.2,2.6,0
l,10,12,H,,,18.6,2.4,0
l,10,13,H,,,16.9,3,0
l,10,14,H,,,16.8,3,0
l,10,15,H,,,17.4,3,0
l,10,16,H,,,18.5,2.5,0
l,10,17,H,J,,18.1,3,13.5
l,10,18,H,,,21.6,2.1,3.5
l,10,19,H,,,21.4,2.7,0
l,10,20,H,,,22.3,2.8,0
l,10,21,H,,,19,3,0
l,10,22,H,,,17.2,3.3,0
l,10,23,H,,,18.4,3.7,0
l,10,24,H,,,15.8,2.5,0
l,10,25,H,,,14.8,2.6,3
l,10,26,H,,,20.4,2.7,0
l,10,27,H,,,19.7,4.2,0
l,10,28,H,,J,12.8,3.5,20
l,10,29,H,,,15.9,2.7,1
l,10,30,H,,,12.4,2.7,1
l,10,31,H,,,14.7,2.5,0
l,11,1,H,J,,13.9,2.9,9.5
l,11,2,H,,,11.6,3.2,2.5
l,11,3,H,,,13.3,3.5,0.5
l,11,4,H,,,14.4,3.2,0
l,11,5,H,,,15.3,3.4,0
l,11,6,H,,,15.8,3.8,0
l,11,7,H,,,11.8,2.9,0
l,11,8,H,,,11,2.2,3.5
l,11,9,H,J,,10.9,6.8,5
l,11,10,H,,,10.1,4,0
l,11,11,H,J,J,9.4,5.4,47
l,11,12,H,,,14.6,2.9,0
l,11,13,H,,,15.1,2.4,0
l,11,14,H,,J,14.3,2.6,3.5
l,11,15,H,,,15.5,2.7,0.5
l,11,16,H,,,12.9,3.5,0
l,11,17,H,,,13.3,2.7,0
l,11,18,H,,,12.5,2.4,0
l,11,19,H,J,,10.6,2.8,24
l,11,20,H,,,15,1.9,0
l,11,21,H,,,13.4,3.3,1.5
l,11,22,H,,,14.6,1.9,12.5
l,11,23,H,,,11.7,4.2,1
l,11,24,H,,,3.1,4.9,21
l,11,25,H,,,6.4,2.8,0
l,11,26,H,,,8.9,3.3,0
l,11,27,H,,,10.6,2.9,10
l,11,28,H,,,11.5,4.1,6
l,11,29,H,,,10.8,4.9,0
l,11,30,H,,,9.4,3.5,0
l,12,1,~,J,,11.1,3.7,18.5
l,12,2,~,,,12.3,3.4,0
l,12,3,~,,,12.1,2.4,0
l,12,4,~,,,13.1,2.6,0.5
l,12,5,~,,,13.8,2,2.5
l,12,6,~,,,11.7,4.8,0
l,12,7,~,,,8.4,3.2,0
l,12,8,~,,,9.8,2.7,0
l,12,9,~,,,12.1,4.9,0
l,12,10,~,,,9.1,4.7,0
l,12,11,~,,,7.4,3.8,0
l,12,12,~,,,7.5,2.3,0
l,12,13,~,,,10.1,2.4,4.5
l,12,14,~,J,,8.7,4.4,39
l,12,15,~,,,7,4.3,0
l,12,16,~,,,5.5,4.6,0
l,12,17,~,,,8.1,2,0
l,12,18,~,,,9,1.5,0
l,12,19,~,,,11.5,1.7,0
l,12,20,~,,,10.8,2.2,0
l,12,21,~,,,11.8,1.9,0
l,12,22,~,,,16,5,13.5
l,12,23,~,,,16.2,6.2,7.5
l,12,24,~,,,9.3,4.3,0
l,12,25,~,,,8.1,2.3,0
l,12,26,~,,,8.9,2.8,0
l,12,27,~,J,,13.2,6.1,4.5
l,12,28,~,,,6.8,5.3,0
l,12,29,~,,,6.4,3,0
l,12,30,~,,,6.6,4.8,0
l,12,31,~,,,7.2,2.2,0
X,1,1,~,,,0.9,4.3,2
X,1,2,~,,,3.8,4.8,0
X,1,3,~,J,J,3.9,3.6,0
X,1,4,~,,,1.1,3.3,6
X,1,5,~,,,-0.4,6.1,2
X,1,6,~,,,0.7,5.4,2
X,1,7,~,,,-0.5,4.9,8.5
X,1,8,~,,,0.6,5.8,2.5
X,1,9,~,,,-0.9,4.1,5.5
X,1,10,~,,,-1,5.4,5.5
X,1,11,~,,,-4,4.1,12.5
X,1,12,~,,,-3.2,5.5,4.5
X,1,13,~,,,-1.8,3.1,2
X,1,14,~,,,-2.2,4.5,10
X,1,15,~,,,-2.2,4.3,0.5
X,1,16,~,,,-2.5,4.8,9.5
X,1,17,~,,,-2.9,3.6,4
X,1,18,~,,,0,7,34.5
X,1,19,~,,,0.2,3.2,2
X,1,20,~,,,0.3,3.4,2.5
X,1,21,~,,,-1,3.9,10.5
X,1,22,~,,,-2.5,5.4,4.5
X,1,23,~,,,-2.7,4,3
X,1,24,~,,,-2.5,3,0.5
X,1,25,~,,,-2.2,4.4,8.5
X,1,26,~,,,0.8,4.1,0
X,1,27,~,,,1.3,5.4,3
X,1,28,~,,,0.4,5,0
X,1,29,~,,,-1.1,3.8,0
X,1,30,~,,,-1.5,2.8,0
X,1,31,~,,,-2.7,5.1,2.5
X,2,1,~,,,-3.7,4.1,3.5
X,2,2,~,,,-3.5,4.3,7.5
X,2,3,~,,,-1.8,3.8,1.5
X,2,4,~,,,0.6,3.1,0
X,2,5,~,,,0.7,6.1,0
X,2,6,~,,,-2.2,4.5,3
X,2,7,~,,,-3.3,4.7,5
X,2,8,~,,,0.5,2.2,3
X,2,9,~,,,1.2,3.7,3
X,2,10,~,,,-0.7,5.5,1
X,2,11,~,,,-0.2,3.3,0
X,2,12,~,,,1,1.8,0
X,2,13,~,,J,5.8,3.2,0
X,2,14,~,J,,6.1,6.1,3.5
X,2,15,~,,,-2.7,6.8,2
X,2,16,~,,,-2.6,4.5,2
X,2,17,~,,,-2.1,5,6.5
X,2,18,~,,J,2.4,3.6,3.5
X,2,19,~,,J,4,4.3,1
X,2,20,~,,J,3,3.5,1.5
X,2,21,~,J,,1.5,5.8,9.5
X,2,22,~,,,-0.7,4.6,0
X,2,23,~,,,1.2,3.4,3
X,2,24,~,,,-3,4.6,5
X,2,25,~,,,-3.3,4,4
X,2,26,~,,,-2.4,4.1,2.5
X,2,27,~,,,-1.5,3.3,2
X,2,28,~,,,0.1,2.3,0.5
X,2,29,~,J,J,3.8,7,3
X,3,1,t,,,-1.7,7.8,5
X,3,2,t,,,-1.6,4.2,4
X,3,3,t,,݂,0.5,2.5,6
X,3,4,t,,,0.8,2.4,0
X,3,5,t,,,1.2,3.1,0
X,3,6,t,,,4.6,1.7,2.5
X,3,7,t,,,6.5,2.8,5
X,3,8,t,,J,5.3,5.2,0
X,3,9,t,,,1.1,4.3,0
X,3,10,t,,,-0.1,2.7,0
X,3,11,t,,,-0.7,4.2,2.5
X,3,12,t,,,0.3,3.3,1.5
X,3,13,t,,,2.5,2.6,0
X,3,14,t,,,3.5,2.1,0
X,3,15,t,,,3.5,5,0
X,3,16,t,,,7.8,6,0
X,3,17,t,,,10.9,5.1,0
X,3,18,t,,,10.2,3,0
X,3,19,t,J,J,8.7,2.4,10
X,3,20,t,,,4.9,4.2,1
X,3,21,t,,,3.1,4.7,0
X,3,22,t,J,J,3.2,3.6,8.5
X,3,23,t,݂,,3.2,4.9,0
X,3,24,t,,,1.6,3.5,2
X,3,25,t,,,2.7,3.7,1
X,3,26,t,,,4.5,3.3,1
X,3,27,t,,,7.2,4.1,0
X,3,28,t,,,7.5,4.8,0
X,3,29,t,,,8.1,2.7,0
X,3,30,t,,J,7.3,3.6,4
X,3,31,t,,,7.3,5,0
X,4,1,t,,,5.8,4.6,0
X,4,2,t,,,8.7,4.9,0
X,4,3,t,J,,8.1,2.5,17.5
X,4,4,t,J,,5.6,2.9,5.5
X,4,5,t,,,9.7,4.7,0.5
X,4,6,t,,,8.5,4.9,0
X,4,7,t,,J,7.1,2.5,6
X,4,8,t,,,9,3.8,4.5
X,4,9,t,,,9.6,5.8,0
X,4,10,t,,,6.4,3.2,0
X,4,11,t,,݂,3.3,4,4
X,4,12,t,,,6.8,4.4,0
X,4,13,t,,J,11.2,3.4,6.5
X,4,14,t,,,11.4,2.2,9.5
X,4,15,t,,,7.3,7.1,1
X,4,16,t,,,9.9,3.7,0
X,4,17,t,,J,10.5,6.2,5
X,4,18,t,,,10.9,6.7,0
X,4,19,t,,,8.6,5.3,0
X,4,20,t,,,12.3,5.5,0
X,4,21,t,,,15.5,4.9,0
X,4,22,t,,,12.9,3.6,1.5
X,4,23,t,,J,10.3,2.8,0
X,4,24,t,,,12,4.6,0
X,4,25,t,,,10.4,2.5,0
X,4,26,t,,,11.3,3,0
X,4,27,t,,,10.8,4.1,0
X,4,28,t,,J,8.7,4.1,17
X,4,29,t,J,J,6.6,5.3,14.5
X,4,30,t,,,7.7,6,0
X,5,1,t,,,8,2.2,0
X,5,2,t,,,11,2.4,0
X,5,3,t,,,14,2,0
X,5,4,t,J,,15.3,5.1,2.5
X,5,5,t,,,15,7.5,0
X,5,6,t,,,14.5,3.3,0.5
X,5,7,t,,,14.5,5.4,5.5
X,5,8,t,,,14.6,5.9,0
X,5,9,t,,,12.5,2.4,0
X,5,10,t,,J,12.1,7.2,5
X,5,11,t,J,,12,6.3,10.5
X,5,12,t,,,12,5.8,1.5
X,5,13,t,,,15.1,3.3,0
X,5,14,t,,,15.1,4,0
X,5,15,t,,,15.2,3.3,0
X,5,16,t,,,13.8,2.6,0
X,5,17,t,,,14.3,2.9,3
X,5,18,t,,,16.6,2.8,0
X,5,19,t,,,14.6,2.3,0
X,5,20,t,,,15.8,2.6,0
X,5,21,t,,,15.1,2.7,0
X,5,22,t,,,19.6,2.2,0
X,5,23,t,,,19.7,3.2,0
X,5,24,t,,,17.6,2.8,0
X,5,25,t,,,19.2,5.1,0
X,5,26,t,,,21,3.8,3
X,5,27,t,,,18.6,4.5,0
X,5,28,t,,,18.2,3.1,0
X,5,29,t,,,17.4,2.7,0
X,5,30,t,,,18.2,3.3,0
X,5,31,t,,,16.1,2.9,22
X,6,1,,J,,12.9,5.7,12.5
X,6,2,,,,13,4.9,0
X,6,3,,,,15.3,5.1,0
X,6,4,,,J,16.6,3.3,6.5
X,6,5,,,,15.1,2.9,0
X,6,6,,,,15.5,2.1,0
X,6,7,,,,17.7,2.2,0
X,6,8,,,J,17,1.6,0.5
X,6,9,,J,J,16.9,1.4,19
X,6,10,,,,18.3,4.2,0
X,6,11,,,,17,2.9,0
X,6,12,,,,18,2.9,0
X,6,13,,J,J,17.6,1.8,1
X,6,14,,J,J,18.2,3.3,1
X,6,15,,,,19,3,0
X,6,16,,,J,17.2,2.2,5
X,6,17,,J,J,18.8,2.4,17.5
X,6,18,,,,17.7,3.8,0
X,6,19,,,,17.9,2.7,0
X,6,20,,J,,18.4,2,7.5
X,6,21,,,,19.4,3.7,0
X,6,22,,,,18.7,3.4,0
X,6,23,,,,17.1,5.1,0.5
X,6,24,,,,17.6,2.2,0
X,6,25,,,,22.4,6.1,1.5
X,6,26,,,,16.6,7.4,0
X,6,27,,,,17.6,3.9,0
X,6,28,,,,17.9,2.3,0
X,6,29,,,,18.3,1.9,0
X,6,30,,,,19.3,2,0
X,7,1,,,,21.4,2.1,0
X,7,2,,,J,22.8,3.6,6
X,7,3,,,,22.1,6.8,0
X,7,4,,J,,18.9,4,0
X,7,5,,,,19.6,4.8,0
X,7,6,,J,J,16.2,3.6,48
X,7,7,,,,18.5,4,0
X,7,8,,,,20.3,2.6,0
X,7,9,,,,21.7,2,0
X,7,10,,,,22.6,4.1,0.5
X,7,11,,,,20.1,4.1,0
X,7,12,,,,21.5,3,0
X,7,13,,,,22.4,3.3,0
X,7,14,,,J,19.9,3.5,24
X,7,15,,,,20.3,5.1,0
X,7,16,,,,20.6,3.2,0
X,7,17,,J,J,19.6,1.9,2
X,7,18,,,J,21,1.9,6
X,7,19,,,,22,3.2,0
X,7,20,,,,21.2,2.6,0
X,7,21,,,,20.7,2.6,0
X,7,22,,,,20.4,3.8,0
X,7,23,,,,20.5,4.7,0
X,7,24,,,,21.3,3.8,0
X,7,25,,,,22,2.7,0
X,7,26,,,,22.3,2.8,0
X,7,27,,J,,21.6,1.7,5.5
X,7,28,,,,25.7,2.9,22.5
X,7,29,,,,26,1.8,0
X,7,30,,,J,26.5,1.7,14
X,7,31,,,,25.4,1.7,4
X,8,1,,,,25.3,2.8,0
X,8,2,,,,24.3,2,0
X,8,3,,,,25.4,2.3,0
X,8,4,,,,26.3,3.7,0
X,8,5,,,,27.6,4.5,0
X,8,6,,,,26.2,2.3,0
X,8,7,,,,26.2,2.8,0
X,8,8,,,,26.6,2.4,0
X,8,9,,,,25.9,4.9,0
X,8,10,,,,23.5,4.3,0
X,8,11,,,,23.6,2.5,0
X,8,12,,,,23.9,2.5,0
X,8,13,,,,24,3.3,0
X,8,14,,,,23.7,3.2,0
X,8,15,,,,24.5,2.3,0.5
X,8,16,,,,24.1,2,1
X,8,17,,J,J,23.2,3.5,74.5
X,8,18,,,,25.3,3,0
X,8,19,,,,24.4,2.1,0
X,8,20,,,,25.4,2.1,2.5
X,8,21,,,,24.8,3.8,0.5
X,8,22,,,J,24.1,2.4,48
X,8,23,,,,24.6,3.9,33
X,8,24,,,,24,2.9,0
X,8,25,,,,24.4,1.9,0
X,8,26,,,J,21.9,2.4,30.5
X,8,27,,,,20.2,3.6,0
X,8,28,,,,21.6,5.7,0
X,8,29,,J,J,24.4,7.4,0
X,8,30,,J,J,24.9,9.7,61
X,8,31,,,,24.3,2.5,0
X,9,1,H,,,23.8,2,0
X,9,2,H,,,23.9,3.6,0
X,9,3,H,,,24.2,3.4,0
X,9,4,H,,,23.5,2.6,0
X,9,5,H,,,23.9,2.4,4
X,9,6,H,,,24,3.5,10.5
X,9,7,H,,,23.9,2.6,0
X,9,8,H,,J,20.6,5.2,19.5
X,9,9,H,J,,19.9,3.5,9
X,9,10,H,,,20.9,4.1,3
X,9,11,H,,,20.2,2.8,0
X,9,12,H,,,20.1,3.1,0
X,9,13,H,J,J,19.9,4.3,1.5
X,9,14,H,,J,20.6,2.1,0.5
X,9,15,H,,,21.5,2,0
X,9,16,H,,,21.2,1.8,0
X,9,17,H,,J,20.9,2.8,15.5
X,9,18,H,,,19.6,3.1,0
X,9,19,H,,,17.5,2.7,0
X,9,20,H,,,16.6,2.4,0
X,9,21,H,,,17.3,3.1,0
X,9,22,H,,,18.2,2.3,9.5
X,9,23,H,J,,19.1,1.8,13
X,9,24,H,,,20.6,2.1,0
X,9,25,H,,,20.5,1.9,0
X,9,26,H,,,21.2,2.3,0
X,9,27,H,,,20.3,1.5,12
X,9,28,H,,,21.9,3.9,3
X,9,29,H,,,18.2,3.2,0
X,9,30,H,,,16.4,2.7,0
X,10,1,H,,,18.3,2.5,0
X,10,2,H,,,18.3,2.6,0
X,10,3,H,,J,18.8,3.2,33
X,10,4,H,,,17.2,5.8,1.5
X,10,5,H,,J,14.5,2.2,22
X,10,6,H,J,,15.8,5.2,2
X,10,7,H,,,13.7,5.2,0.5
X,10,8,H,J,J,12.7,2.4,30
X,10,9,H,,,14.7,5.5,4.5
X,10,10,H,,,11.2,4.1,3.5
X,10,11,H,,,13.4,4.1,2
X,10,12,H,J,J,11.3,3.3,1.5
X,10,13,H,,,11.4,3.9,4.5
X,10,14,H,,,12,3.2,0
X,10,15,H,,,11.7,1.9,0
X,10,16,H,,,15,2.6,0
X,10,17,H,,,17.2,3.3,0
X,10,18,H,,,16.2,3.8,0
X,10,19,H,,,13,2.3,0
X,10,20,H,,,11.1,6,5
X,10,21,H,,,9.6,5.4,0
X,10,22,H,,,11.4,3.4,1.5
X,10,23,H,,,9.5,3.9,0.5
X,10,24,H,J,,9,4.6,5
X,10,25,H,,,10.6,2.8,12
X,10,26,H,,,14.1,5.1,2.5
X,10,27,H,,,9.6,5.8,0
X,10,28,H,,,10,3.8,0
X,10,29,H,,,7.1,4.6,1
X,10,30,H,,J,6.5,4.4,0
X,10,31,H,J,J,7.4,4.2,14.5
X,11,1,H,J,J,4.9,2.6,2
X,11,2,H,,,5.9,2.6,0
X,11,3,H,J,,5.5,3.4,7
X,11,4,H,,,6.5,5,6.5
X,11,5,H,J,J,11,4.2,6.5
X,11,6,H,J,,4.8,4.7,2
X,11,7,H,,,5.3,2.4,0
X,11,8,H,,J,6.1,3.5,6
X,11,9,H,,,1.7,5.8,10.5
X,11,10,H,,,2.3,4.1,0.5
X,11,11,H,,J,4.6,2.4,1
X,11,12,H,,,10.2,4.2,0.5
X,11,13,H,J,,9.1,3.6,2
X,11,14,H,,,6.9,1.8,0
X,11,15,H,,,10.9,5.9,10.5
X,11,16,H,,,3.9,5.6,3
X,11,17,H,݂,,3.9,4.8,0.5
X,11,18,H,,,8.2,5.1,0
X,11,19,H,,,9.4,2.5,0
X,11,20,H,J,,8.3,4,0
X,11,21,H,,,4.4,2.6,0
X,11,22,H,,,3.5,3.1,6
X,11,23,H,,,-1.1,3.8,5
X,11,24,H,,,-0.8,2.6,0
X,11,25,H,,,1.1,3.5,3
X,11,26,H,,,2.1,2.2,0
X,11,27,H,,,5.3,3,2.5
X,11,28,H,,݂,3.2,4.5,6.5
X,11,29,H,,,0.5,5.2,8
X,11,30,H,,,0.9,2.4,0.5
X,12,1,~,J,J,3.5,3.3,16.5
X,12,2,~,,,4,9.5,2.5
X,12,3,~,,,5.1,4.1,0
X,12,4,~,,,8.2,3.6,0
X,12,5,~,J,,8.8,2.6,3
X,12,6,~,J,,1.9,5.9,16
X,12,7,~,,,-1.5,3.9,2.5
X,12,8,~,,,0,2.9,1.5
X,12,9,~,J,,3.2,3.1,4.5
X,12,10,~,,,-0.3,5.1,7.5
X,12,11,~,,,-2.3,3.3,6.5
X,12,12,~,,,-1.5,2.4,0.5
X,12,13,~,J,J,2.5,3.1,4.5
X,12,14,~,,,1.4,2.5,1.5
X,12,15,~,,,-1.2,4,14
X,12,16,~,,,-2.9,4.3,11
X,12,17,~,,,-0.6,5.3,3
X,12,18,~,,J,5.1,5.8,0
X,12,19,~,,,4.6,3.7,0
X,12,20,~,,,4.1,2.7,0
X,12,21,~,,,3.6,2.7,0.5
X,12,22,~,,J,4.5,2.4,25
X,12,23,~,,J,6,6.5,8
X,12,24,~,,,0.4,4.9,6
X,12,25,~,,,1,3.7,0
X,12,26,~,,,4.9,4.6,0
X,12,27,~,,,0.7,2.9,21
X,12,28,~,,,-0.9,4.6,0
X,12,29,~,݂,,-0.3,4,10.5
X,12,30,~,,,-1.2,5.1,2
X,12,31,~,,,2,4.3,1
